sample_id,scenario_type,target_parent_asin,candidate_count_turn_1,recommendation_count_turn_1,ask_attribute_turn_1,recommendations_turn_1,target_survives_turn_1,intent_epoch_turn_1,hit,first_hit_turn,best_rank,actually_reached_turn_10,surviving_parent_asins_turn_10,exactly_10_survivors_turn_10,at_most_10_survivors_turn_10,candidate_count_turn_2,recommendation_count_turn_2,ask_attribute_turn_2,recommendations_turn_2,target_survives_turn_2,intent_epoch_turn_2,candidate_count_turn_3,recommendation_count_turn_3,ask_attribute_turn_3,recommendations_turn_3,target_survives_turn_3,intent_epoch_turn_3,candidate_count_turn_4,recommendation_count_turn_4,ask_attribute_turn_4,recommendations_turn_4,target_survives_turn_4,intent_epoch_turn_4,candidate_count_turn_5,recommendation_count_turn_5,ask_attribute_turn_5,recommendations_turn_5,target_survives_turn_5,intent_epoch_turn_5,candidate_count_turn_6,recommendation_count_turn_6,ask_attribute_turn_6,recommendations_turn_6,target_survives_turn_6,intent_epoch_turn_6,candidate_count_turn_7,recommendation_count_turn_7,ask_attribute_turn_7,recommendations_turn_7,target_survives_turn_7,intent_epoch_turn_7,candidate_count_turn_8,recommendation_count_turn_8,ask_attribute_turn_8,recommendations_turn_8,target_survives_turn_8,intent_epoch_turn_8,candidate_count_turn_9,recommendation_count_turn_9,ask_attribute_turn_9,recommendations_turn_9,target_survives_turn_9,intent_epoch_turn_9,candidate_count_turn_10,recommendation_count_turn_10,ask_attribute_turn_10,recommendations_turn_10,target_survives_turn_10,intent_epoch_turn_10
public_0001,buying,B09PYB7B6Z,2,2,,B09PYB7B6Z;B075KXNBNF,True,0,True,1,1,False,2,False,True,,,,,,,,,,,,,,,,,,,,,,,,,,,,,,,,,,,,,,,,,,,,,,,,,,,,,,
public_0002,intent_override,B071X54486,91,10,other,B00X5042IS;B074D2V1J3;B0119U5Z90;B09FK4W3G5;B00QINL7ZA;B06XQML91R;B0B71T4L93;B07PDJW7PF;B07C36MMC5;B07PJZ193K,True,0,True,4,4,False,11,False,False,17,10,color,B0062ODJAG;B07RQBD7MY;B0913DGMQ1;B07GDTGWX1;B091DZK1XF;B00APLPSZ6;B00APLPWFC;B078HG9KCY;B0058VB3AM;B01727EVCQ,True,0,176,10,feature,B00QXQOCDG;B0CHZYH847;B07LGRDWPN;B016KJE6FE;B07PWNBLG7;B07H9XQZ6X;B08L13H7SY;B09FK4W3G5;B07QPQ96L1;B00FQSE9W6,True,1,11,10,material,B01MA6KR4B;B004Q7CV0K;B0C5F4BMLV;B071X54486;B01N2LFP2K;B01FKGB6UG;B072M9PJ3H;B074D2V1J3;B0119U5Z90;B09Y25MFDR,True,1,,,,,,,,,,,,,,,,,,,,,,,,,,,,,,,,,,,,
public_0003,intent_override,B09YMTWDXJ,4,4,,B00737GGW4;B002J4UBI6;B001KSFIS0;B09YMTWDXJ,True,0,True,3,2,False,3,False,True,4,4,,B00737GGW4;B002J4UBI6;B001KSFIS0;B09YMTWDXJ,True,0,3,3,,B01NACP8MU;B09YMTWDXJ;B07D8GWMKZ,True,1,,,,,,,,,,,,,,,,,,,,,,,,,,,,,,,,,,,,,,,,,,
public_0004,intent_override,B07C2XPZ6D,1,1,,B07C2XPZ6D,True,0,True,4,1,False,1,False,True,1,1,,B07C2XPZ6D,True,0,51,10,other,B00XF6IY04;B07NWXM3XW;B01I9XLXAA;B07M5MNH41;B00HA8565E;B0097B63J0;B07NVRHG7N;B01COEO5K0;B014J9VXLW;B00JBOB3BQ,True,1,1,1,,B07C2XPZ6D,True,1,,,,,,,,,,,,,,,,,,,,,,,,,,,,,,,,,,,,
public_0005,buying,B074G1JP8Z,86,10,other,B01N5F6LF7;B017S5SL4G;B004KNW8QM;B08459WDVV;B01ACC8ZHA;B0773SJQFT;B078JDQMTL;B08GM2QC8D;B00Q7UBSTO;B00ICMLXTK,True,0,True,2,1,False,1,False,True,1,1,,B074G1JP8Z,True,0,,,,,,,,,,,,,,,,,,,,,,,,,,,,,,,,,,,,,,,,,,,,,,,,
public_0006,browsing,B071F2Z7JG,13,10,feature,B00NU925RY;B001ST5FSE;B01N1UA1Q6;B007023PU8;B07ZPYN7TY;B072KHDZND;B0781F25RD;B01N5HGJ8E;B00YQ48YI6;B001NCDFVA,True,0,True,2,1,False,1,False,True,1,1,,B071F2Z7JG,True,0,,,,,,,,,,,,,,,,,,,,,,,,,,,,,,,,,,,,,,,,,,,,,,,,
public_0007,browsing,B08PF98BV4,519,10,other,B0991RZZKR;B095CM4F2J;B01EM470LQ;B08C2N139Z;B08BL1Y5QG;B08762F8KF;B07CTCMXLB;B09YLMJ2DF;B06Y5WWC4M;B01E37SQ2O,True,0,True,2,1,False,1,False,True,1,1,,B08PF98BV4,True,0,,,,,,,,,,,,,,,,,,,,,,,,,,,,,,,,,,,,,,,,,,,,,,,,
public_0008,buying,B0BPCC1KBT,112,10,other,B07DRQFCZB;B086WQCHSN;B0009K21I0;B06XS4ZR5C;B098JDBZJQ;B0032FP0IW;B0BPCC1KBT;B07B4QNX6N;B0C4MSXF1V;B08P14CYYC,True,0,True,1,7,False,112,False,False,,,,,,,,,,,,,,,,,,,,,,,,,,,,,,,,,,,,,,,,,,,,,,,,,,,,,,
public_0009,buying,B07GXHPWTJ,108,10,other,B09M67CS1X;B07L5P7SCR;B00HBIUM66;B07CS9CG1Q;B004R1QL9W;B078HJ8QQR;B0188HXOGI;B0987R6RNC;B08NXQF5R6;B09F35XYB8,True,0,True,2,1,False,1,False,True,1,1,,B07GXHPWTJ,True,0,,,,,,,,,,,,,,,,,,,,,,,,,,,,,,,,,,,,,,,,,,,,,,,,
public_0010,buying,B0929KL5W7,15,10,other,B0929KL5W7;B083BG1PY5;B0936ZJJ68;B0B53H6J51;B093JQPT5G;B08H2CKF4Z;B08H2C3NGL;B0B97JNGGY;B0B7DWBL9Y;B0C6DQNQK7,True,0,True,1,1,False,15,False,False,,,,,,,,,,,,,,,,,,,,,,,,,,,,,,,,,,,,,,,,,,,,,,,,,,,,,,
public_0011,browsing,B0BXP6MG3X,46,10,feature,B07HYJZKW4;B09Z8RQYF7;B075WRHFFW;B06ZYBR3GC;B07FHZ5VGS;B00KDC6VVW;B00LUIB2V2;B00L10BT3A;B07DQSWHWN;B00YBBN9B6,True,0,True,2,1,False,1,False,True,1,1,,B0BXP6MG3X,True,0,,,,,,,,,,,,,,,,,,,,,,,,,,,,,,,,,,,,,,,,,,,,,,,,
public_0012,browsing,B08FFGQF72,591,10,other,B08RDQDRP1;B07BWCYQK4;B084GG69PT;B07QJ4NTFJ;B076ZGFS7D;B008RPPFJG;B07C743ML4;B086186Z3T;B01MU7NF2K;B074R8PC4W,True,0,True,3,1,False,1,False,True,41,10,feature,B08417XN9W;B07CV5DPJ7;B074V57VDW;B072NCCT33;B076QLCWCQ;B093L1KNTJ;B07WQXC1HL;B08MWNB6GP;B0BVYL1T2M;B082PLH6RS,True,0,1,1,,B08FFGQF72,True,0,,,,,,,,,,,,,,,,,,,,,,,,,,,,,,,,,,,,,,,,,,
public_0013,intent_override,B0C65TFM9F,1,1,,B0C65TFM9F,True,0,True,5,1,False,1,False,True,1,1,,B0C65TFM9F,True,0,1,1,,B0C65TFM9F,True,0,188,10,other,B08L39SH1C;B07RX5TRPY;B07S4HXS7V;B07GR2B96Y;B07RY6MB3X;B07RX5R7RQ;B07YRN6GFG;B0912MMSQS;B006ZTUADW;B06XNVBDPN,True,1,1,1,,B0C65TFM9F,True,1,,,,,,,,,,,,,,,,,,,,,,,,,,,,,,
public_0014,browsing,B088QF5G58,51,10,other,B09SHN6FFF;B00CXB156W;B07GCM9ZQJ;B00OUPXZUI;B01GK9IITO;B07QFWMJFW;B005K2N334;B07HSZ1KX9;B076JC8QXZ;B075VJ416K,True,0,True,2,1,False,1,False,True,1,1,,B088QF5G58,True,0,,,,,,,,,,,,,,,,,,,,,,,,,,,,,,,,,,,,,,,,,,,,,,,,
public_0015,browsing,B08513YB2T,283,10,feature,B0BBZ315JR;B001C16OXI;B00EM67A42;B07T5Q7G8R;B01J3IF93C;B081FK41NY;B000H76YK6;B004SGJAGC;B07KYYMVPN;B0814CS8MN,True,0,True,2,1,False,1,False,True,1,1,,B08513YB2T,True,0,,,,,,,,,,,,,,,,,,,,,,,,,,,,,,,,,,,,,,,,,,,,,,,,
public_0016,browsing,B07PH3X7QK,137,10,feature,B00RKJ2N8G;B00979M0SU;B000WZHWTK;B00WCBOPTM;B003HCRNE4;B00REWSJ64;B005GT2GNY;B07YGKXP7W;B002C74IEI;B002BXAC0W,True,0,True,2,2,False,17,False,False,17,10,other,B08M68Q4J5;B07PH3X7QK;B00AY48OP0;B07GH7V8MM;B09FSJT676;B00CCYB8XK;B09NBN68DD;B07D44JK89;B09FSLBR32;B0897WX4Y3,True,0,,,,,,,,,,,,,,,,,,,,,,,,,,,,,,,,,,,,,,,,,,,,,,,,
public_0017,buying,B089RXP8K2,271,10,other,B07VMHRBLK;B07QB49ZZ5;B00NBQ6B6C;B00I11T1HI;B00SC06IJ2;B0099NSYPM;B07L5GYM1G;B09WTPQ9BJ;B07SRY8STQ;B01MUEF415,True,0,False,,,True,15,False,False,15,10,color,B004D9CUWU;B07F1WY89W;B01E61BKMA;B0BVFRCTYL;B0B62WSCN3;B00CORDTWI;B09T9VD8ZC;B07XB1LWHG;B017IIU8X0;B00T1TORAA,True,0,15,10,size,B004D9CUWU;B07F1WY89W;B01E61BKMA;B0BVFRCTYL;B0B62WSCN3;B00CORDTWI;B09T9VD8ZC;B07XB1LWHG;B017IIU8X0;B00T1TORAA,True,0,15,10,budget,B004D9CUWU;B07F1WY89W;B01E61BKMA;B0BVFRCTYL;B0B62WSCN3;B00CORDTWI;B09T9VD8ZC;B017IIU8X0;B000LZ02YS;B07XB1LWHG,True,0,15,10,brand,B004D9CUWU;B07F1WY89W;B01E61BKMA;B0BVFRCTYL;B0B62WSCN3;B00CORDTWI;B09T9VD8ZC;B017IIU8X0;B000LZ02YS;B07XB1LWHG,True,0,15,10,,B004D9CUWU;B07F1WY89W;B01E61BKMA;B0BVFRCTYL;B0B62WSCN3;B00CORDTWI;B09T9VD8ZC;B017IIU8X0;B000LZ02YS;B07XB1LWHG,True,0,15,10,,B004D9CUWU;B07F1WY89W;B0BVFRCTYL;B08GPGX2QG;B01E61BKMA;B017IIU8X0;B00CORDTWI;B09T9VD8ZC;B0B62WSCN3;B00T1TORAA,True,0,15,10,,B004D9CUWU;B07F1WY89W;B0BVFRCTYL;B08GPGX2QG;B01E61BKMA;B017IIU8X0;B00CORDTWI;B09T9VD8ZC;B0B62WSCN3;B00T1TORAA,True,0,15,10,,B004D9CUWU;B07F1WY89W;B0BVFRCTYL;B08GPGX2QG;B01E61BKMA;B017IIU8X0;B00CORDTWI;B09T9VD8ZC;B0B62WSCN3;B00T1TORAA,True,0,15,10,,B004D9CUWU;B07F1WY89W;B0BVFRCTYL;B08GPGX2QG;B01E61BKMA;B017IIU8X0;B00CORDTWI;B09T9VD8ZC;B0B62WSCN3;B00T1TORAA,True,0
public_0018,buying,B07H3T5YGH,9,9,,B01G92PR4Q;B072S98CN2;B088LWDGBF;B07DPM8H8B;B079DNQYCG;B07ZYMGXZZ;B07H3T5YGH;B01E283N5O;B00VFBI2OE,True,0,True,1,7,False,9,False,True,,,,,,,,,,,,,,,,,,,,,,,,,,,,,,,,,,,,,,,,,,,,,,,,,,,,,,
public_0019,browsing,B076VQQ962,109,10,other,B009FBD0IO;B075QYCYW1;B076V3SGHX;B003I84XIG;B08CNXSJSF;B0BWLXWHNL;B0041TSHO2;B08BLVXQ3M;B074WDLGK3;B009YK03NQ,True,0,True,2,1,False,1,False,True,1,1,,B076VQQ962,True,0,,,,,,,,,,,,,,,,,,,,,,,,,,,,,,,,,,,,,,,,,,,,,,,,
public_0020,buying,B08P4SSFX4,34,10,other,B082VSZ42L;B00MW6ZZJ6;B084Y7YLZS;B00LP176Q4;B000MX0J4W;B0BGXXFD6J;B07JNG8PBY;B06WP3B6QY;B0758CQZRM;B0746NPLXK,True,0,True,2,5,False,6,False,True,6,6,,B074X6Q6GG;B073RTNZKZ;B077GPKTSP;B07DPDYS59;B08P4SSFX4;B0773HHV2Q,True,0,,,,,,,,,,,,,,,,,,,,,,,,,,,,,,,,,,,,,,,,,,,,,,,,
public_0021,browsing,B07K4FX4WZ,56,10,other,B079SZH9WN;B00H4A9IW0;B075NXQL2X;B07S79DCTH;B0BS98NVHG;B00EKQDN40;B076K5M3GQ;B077ZL47CK;B07N3NFGF9;B008Y1KQU6,True,0,True,2,1,False,1,False,True,1,1,,B07K4FX4WZ,True,0,,,,,,,,,,,,,,,,,,,,,,,,,,,,,,,,,,,,,,,,,,,,,,,,
public_0022,buying,B08F5G843H,235,10,other,B07G7YS311;B09L815H4H;B07B4QQNCB;B09V7D7QNY;B00K2RGE4C;B07CKW7BRZ;B08ZMXR9W1;B09473JX5T;B00P917AGM;B00MNGMG2E,True,0,True,2,1,False,1,False,True,1,1,,B08F5G843H,True,0,,,,,,,,,,,,,,,,,,,,,,,,,,,,,,,,,,,,,,,,,,,,,,,,
public_0023,intent_override,B08ZKFD4GM,1,1,,B08ZKFD4GM,True,0,True,4,4,False,63,False,False,1,1,,B08ZKFD4GM,True,0,1,1,,B08ZKFD4GM,True,0,63,10,other,B07PWZXZVX;B07B4VZ9DV;B00MAM0N0S;B08ZKFD4GM;B084JG8PK9;B007WBJGO6;B07HB978LT;B01779Z6M8;B01MU7SF2F;B01LF7UCV8,True,1,,,,,,,,,,,,,,,,,,,,,,,,,,,,,,,,,,,,
public_0024,buying,B076X3JXMW,19,10,other,B010C6876A;B00LYO2N0Q;B09XK49V29;B07BNZC2X3;B01DTXNCXQ;B06X9B45YB;B084KCDX92;B088QZYSHB;B076X3JXMW;B08HR8T7YN,True,0,True,1,9,False,19,False,False,,,,,,,,,,,,,,,,,,,,,,,,,,,,,,,,,,,,,,,,,,,,,,,,,,,,,,
public_0025,browsing,B0BRS1DHVQ,58,10,other,B0B5X9T9XB;B0BRS1DHVQ;B0BKG4BQWV;B07H9RL33Q;B07SRBP4VR;B0859TL6QX;B08P45PZCW;B09VGZ7THS;B07QV8146L;B087TYP1R1,True,0,True,1,2,False,58,False,False,,,,,,,,,,,,,,,,,,,,,,,,,,,,,,,,,,,,,,,,,,,,,,,,,,,,,,
public_0026,buying,B093R14VP1,23,10,other,B073K3Z3JM;B01N2KJN9S;B00KXDEUQ4;B00AO3BMPU;B00E6EMTNC;B008JEWBAG;B00AKB9N7K;B016MPXB02;B0058WZI20;B008JFE84W,True,0,True,7,9,False,14,False,False,14,10,color,B016MPXB02;B00BMLXS0U;B0002M13Q6;B008JFE84W;B008JEWBAG;B00AKB9N7K;B00GUTK12M;B00PBFVMOC;B00HMN9QM6;B00YCYG3BU,True,0,14,10,size,B016MPXB02;B00BMLXS0U;B0002M13Q6;B008JFE84W;B008JEWBAG;B00AKB9N7K;B00GUTK12M;B00PBFVMOC;B00HMN9QM6;B00YCYG3BU,True,0,14,10,budget,B016MPXB02;B008JFE84W;B00GUTK12M;B00PBFVMOC;B008JEWBAG;B00AKB9N7K;B00HMN9QM6;B00YCYG3BU;B00BMLXS0U;B00KXIMWVY,True,0,14,10,brand,B016MPXB02;B008JFE84W;B00GUTK12M;B00PBFVMOC;B008JEWBAG;B00AKB9N7K;B00HMN9QM6;B00YCYG3BU;B00BMLXS0U;B00KXIMWVY,True,0,14,10,,B016MPXB02;B008JFE84W;B00GUTK12M;B00PBFVMOC;B008JEWBAG;B00AKB9N7K;B00HMN9QM6;B00YCYG3BU;B00BMLXS0U;B00KXIMWVY,True,0,14,10,,B016MPXB02;B008JFE84W;B00GUTK12M;B00PBFVMOC;B00HMN9QM6;B00YCYG3BU;B008JEWBAG;B00AKB9N7K;B093R14VP1;B00BMLXS0U,True,0,,,,,,,,,,,,,,,,,,
public_0027,buying,B0858VDFDW,227,10,other,B072BJQ67P;B074WFYC96;B07WJJDHDP;B003ZV2HES;B0858VDFDW;B00BZ9VP5E;B08C4BXCX8;B01MYYE9JT;B00K1Y786Y;B07KR6KFHD,True,0,True,1,5,False,227,False,False,,,,,,,,,,,,,,,,,,,,,,,,,,,,,,,,,,,,,,,,,,,,,,,,,,,,,,
public_0028,buying,B0B9ZYDDZ1,271,10,other,B07VMHRBLK;B07QB49ZZ5;B00NBQ6B6C;B00I11T1HI;B00SC06IJ2;B0099NSYPM;B07L5GYM1G;B09WTPQ9BJ;B07SRY8STQ;B01MUEF415,True,0,False,,,True,74,False,False,74,10,color,B08JQN13XY;B016QUDKCW;B07CK73QNS;B07GXB6MPF;B09MFXF6R7;B07G677SBG;B07V3ZPQ4N;B014KPGIG0;B000AI5EBW;B01C38IQEI,True,0,74,10,budget,B08JQN13XY;B016QUDKCW;B07CK73QNS;B07GXB6MPF;B09MFXF6R7;B07G677SBG;B07V3ZPQ4N;B014KPGIG0;B000AI5EBW;B01C38IQEI,True,0,74,10,size,B08JQN13XY;B016QUDKCW;B07CK73QNS;B07GXB6MPF;B09MFXF6R7;B07G677SBG;B014KPGIG0;B07V3ZPQ4N;B000AI5EBW;B07CMV8GSJ,True,0,74,10,brand,B08JQN13XY;B016QUDKCW;B07CK73QNS;B07GXB6MPF;B09MFXF6R7;B07G677SBG;B014KPGIG0;B07V3ZPQ4N;B000AI5EBW;B07CMV8GSJ,True,0,74,10,,B08JQN13XY;B016QUDKCW;B07CK73QNS;B07GXB6MPF;B09MFXF6R7;B07G677SBG;B014KPGIG0;B07V3ZPQ4N;B000AI5EBW;B07CMV8GSJ,True,0,74,10,,B08JQN13XY;B000AI5EBW;B07CK73QNS;B07V3ZPQ4N;B01C38IQEI;B07CMV8GSJ;B016QUDKCW;B09MFXF6R7;B014KPGIG0;B008LMNKYW,True,0,74,10,,B08JQN13XY;B000AI5EBW;B07CK73QNS;B07V3ZPQ4N;B01C38IQEI;B07CMV8GSJ;B016QUDKCW;B09MFXF6R7;B014KPGIG0;B008LMNKYW,True,0,74,10,,B08JQN13XY;B000AI5EBW;B07CK73QNS;B07V3ZPQ4N;B01C38IQEI;B07CMV8GSJ;B016QUDKCW;B09MFXF6R7;B014KPGIG0;B008LMNKYW,True,0,74,10,,B08JQN13XY;B000AI5EBW;B07CK73QNS;B07V3ZPQ4N;B01C38IQEI;B07CMV8GSJ;B016QUDKCW;B09MFXF6R7;B014KPGIG0;B008LMNKYW,True,0
public_0029,buying,B01IAKCZEK,19,10,other,B08C356KK3;B0C496CNQN;B00B8YUBCO;B01IAKCZEK;B08V13PVM8;B00GUNRBDA;B00GOCKGW0;B07B16X47S;B00JTKXCIO;B07R1ZX96G,True,0,True,1,4,False,19,False,False,,,,,,,,,,,,,,,,,,,,,,,,,,,,,,,,,,,,,,,,,,,,,,,,,,,,,,
public_0030,buying,B09V5RTXG9,25,10,other,B0B9919ZCT;B074X7S7GZ;B07ZZDZMVQ;B0BL2HN7H1;B01D90JMUQ;B00MUKX302;B09V5RTXG9;B09T4SM1VH;B07BQFRFXH;B07QFHTT1C,True,0,True,1,7,False,25,False,False,,,,,,,,,,,,,,,,,,,,,,,,,,,,,,,,,,,,,,,,,,,,,,,,,,,,,,
public_0031,buying,B0BQDTGHMZ,227,10,other,B072BJQ67P;B074WFYC96;B07WJJDHDP;B003ZV2HES;B0858VDFDW;B00BZ9VP5E;B08C4BXCX8;B01MYYE9JT;B00K1Y786Y;B07KR6KFHD,True,0,True,2,1,False,2,False,True,2,2,,B0BQDTGHMZ;B072HKPZD5,True,0,,,,,,,,,,,,,,,,,,,,,,,,,,,,,,,,,,,,,,,,,,,,,,,,
public_0032,buying,B0834HZQZF,88,10,other,B01LWLUTMP;B01NA9MJWI;B0C73DSG4D;B08L8HN35R;B01M0IH5B6;B0713TR82H;B07WCN4J3D;B0895D7XD8;B0117R04NM;B011QIILGO,True,0,True,2,1,False,4,False,True,4,4,,B0834HZQZF;B01LWNEORC;B085Q6HZ7P;B07BQK1RTD,True,0,,,,,,,,,,,,,,,,,,,,,,,,,,,,,,,,,,,,,,,,,,,,,,,,
public_0033,browsing,B08134XNNB,342,10,other,B08Y8Z2HJ6;B07LHMF6FP;B015QSA3XE;B00IOT39RA;B074WDWSMT;B08CVQNK5T;B018TJC99I;B00I8QWWG8;B0BLBFQ9BG;B09PH72JM2,True,0,True,2,1,False,1,False,True,1,1,,B08134XNNB,True,0,,,,,,,,,,,,,,,,,,,,,,,,,,,,,,,,,,,,,,,,,,,,,,,,
public_0034,intent_override,B07Q9PNNB5,1,1,,B07Q9PNNB5,True,0,True,5,8,False,169,False,False,1,1,,B07Q9PNNB5,True,0,1,1,,B07Q9PNNB5,True,0,406,10,feature,B06XYN89R3;B085L3NL16;B00LLNKFDW;B01484AX14;B01DMAY136;B086ZVFDWF;B00COGB1HY;B093X19RH4;B01I3NKV90;B07DYHPWGN,True,1,169,10,other,B06XYN89R3;B00B29XFKU;B086ZVFDWF;B00AZNVMLI;B00Q7558N6;B01G7ARHSE;B004B8WGPY;B07Q9PNNB5;B007E5BQDY;B07BVXSDHY,True,1,,,,,,,,,,,,,,,,,,,,,,,,,,,,,,
public_0035,boundary,B0BN6CCHB7,342,10,other,B08Y8Z2HJ6;B07LHMF6FP;B015QSA3XE;B00IOT39RA;B074WDWSMT;B08CVQNK5T;B018TJC99I;B00I8QWWG8;B0BLBFQ9BG;B09PH72JM2,True,0,True,3,8,False,8,False,True,342,10,feature,B008J4G92M;B09QS2WXLZ;B007PBPEFI;B00E41UJSY;B07KFQGV1J;B07GH7D1LM;B00I8QWWG8;B015QSA3XE;B07C91Z2LP;B095X95CMR,True,0,8,8,,B00ITKSNFM;B00ITKT4XM;B078GTVCS6;B00UZ23FRI;B072ZDR756;B09JLJP8VS;B078GGN9SM;B0BN6CCHB7,True,0,,,,,,,,,,,,,,,,,,,,,,,,,,,,,,,,,,,,,,,,,,
public_0036,browsing,B08BWR1T58,503,10,other,B000AXYEA4;B079B3N3H3;B083SDLMWT;B09NBBPDLJ;B00UL4XK34;B07DGW6RLD;B08B4B5C4L;B0013JKP52;B007GC2Y4U;B00MWA61CC,True,0,True,2,1,False,1,False,True,1,1,,B08BWR1T58,True,0,,,,,,,,,,,,,,,,,,,,,,,,,,,,,,,,,,,,,,,,,,,,,,,,
public_0037,browsing,B08KKBBMMD,28,10,other,B0735X7WXJ;B07TJ9PBKR;B07YD1DLMY;B00JOC9KY2;B018S73LBQ;B09VLR3Z3W;B09K6SNZFP;B01DC6BKLQ;B09VLT9C6F;B08KKBBMMD,True,0,True,1,10,False,28,False,False,,,,,,,,,,,,,,,,,,,,,,,,,,,,,,,,,,,,,,,,,,,,,,,,,,,,,,
public_0038,intent_override,B07B5RGY2N,1,1,,B07B5RGY2N,True,0,True,4,9,False,10,True,True,1,1,,B07B5RGY2N,True,0,1,1,,B07B5RGY2N,True,0,10,10,,B015GI8LBA;B01MQIF3BA;B01MRJUKNX;B002UZXWX0;B07H61H9BY;B07CYVGN39;B07DL3HTVV;B07FD2MGLT;B07B5RGY2N;B01D9ZKRC8,True,1,,,,,,,,,,,,,,,,,,,,,,,,,,,,,,,,,,,,
public_0039,browsing,B07TZCJW9X,25,10,feature,B00R8KLOWI;B06XFVLQPN;B001KJ9CVI;B009GJ6WLM;B08ZCDHW9D;B0BLY18TSP;B088B5V3D5;B008WICX9S;B07BLLMQWR;B00F1JOOHK,True,0,True,2,2,False,2,False,True,2,2,,B08KXMJSZK;B07TZCJW9X,True,0,,,,,,,,,,,,,,,,,,,,,,,,,,,,,,,,,,,,,,,,,,,,,,,,
public_0040,browsing,B08ZJWTCDR,127,10,other,B0973M4832;B07X48JFV1;B09Y63S4MP;B08BYQPQDT;B08JL8ZDX7;B09SZ8TC1S;B07JF4TV4F;B08JLG55SX;B09H34Q9SQ;B07HJC93P1,True,0,True,2,3,False,3,False,True,3,3,,B00O12O126;B0B3GR3N7B;B08ZJWTCDR,True,0,,,,,,,,,,,,,,,,,,,,,,,,,,,,,,,,,,,,,,,,,,,,,,,,
public_0041,boundary,B09MSY8926,519,10,other,B0991RZZKR;B095CM4F2J;B01EM470LQ;B08C2N139Z;B08BL1Y5QG;B08762F8KF;B07CTCMXLB;B09YLMJ2DF;B06Y5WWC4M;B01E37SQ2O,True,0,True,3,1,False,1,False,True,519,10,feature,B010P0AAJ0;B07JFQVGLV;B09HCGHMWZ;B07HFBCS6S;B07JNC1SFT;B08762F8KF;B095XX57RS;B09Y8VHYD6;B08B3V5HCN;B08HYHQLBC,True,0,1,1,,B09MSY8926,True,0,,,,,,,,,,,,,,,,,,,,,,,,,,,,,,,,,,,,,,,,,,
public_0042,buying,B01LWOGORL,86,10,other,B005PK071W;B003XKO4I8;B07S7Z3CMK;B00YDL3NYW;B008NYUJ8S;B07C9J9QL5;B07QW3GYSP;B001F7MIRU;B0757P7RZ8;B01LWOGORL,True,0,True,1,10,False,86,False,False,,,,,,,,,,,,,,,,,,,,,,,,,,,,,,,,,,,,,,,,,,,,,,,,,,,,,,
public_0043,browsing,B0C1KNGLPX,319,10,other,B003ZV2HES;B0033WRRSK;B09WTM3QKQ;B076XXT4JN;B07654QV8W;B009S65C7S;B07CRQ6SZF;B09B7D53S2;B001CUM7US;B073XL21MV,True,0,True,2,2,False,2,False,True,2,2,,B078MWZZZ1;B0C1KNGLPX,True,0,,,,,,,,,,,,,,,,,,,,,,,,,,,,,,,,,,,,,,,,,,,,,,,,
public_0044,buying,B09BQ4G5BD,7,7,,B09BQ4G5BD;B07QXG5N4C;B0C36VHHG5;B09VCNRTK9;B004AGMTMW;B0C1CC4TL5;B0051NQ8XY,True,0,True,1,1,False,7,False,True,,,,,,,,,,,,,,,,,,,,,,,,,,,,,,,,,,,,,,,,,,,,,,,,,,,,,,
public_0045,buying,B07Z8NTWVV,232,10,other,B08762F8KF;B079QY8LW3;B07WV1SC15;B01EM470LQ;B0991RZZKR;B07MX7VK2V;B08FYN6CBS;B093KV7LP1;B074Z6BT18;B07DXNLGR8,True,0,True,2,1,False,5,False,True,5,5,,B07Z8NTWVV;B0BWD9T482;B01I24HM92;B0983GVBR4;B07K6MV2DN,True,0,,,,,,,,,,,,,,,,,,,,,,,,,,,,,,,,,,,,,,,,,,,,,,,,
public_0046,intent_override,B0B42PVX1F,1,1,,B0B42PVX1F,True,0,True,4,1,False,2,False,True,1,1,,B0B42PVX1F,True,0,1,1,,B0B42PVX1F,True,0,2,2,,B0B42PVX1F;B078GDJJH3,True,1,,,,,,,,,,,,,,,,,,,,,,,,,,,,,,,,,,,,
public_0047,browsing,B0BYZX7B1L,33,10,other,B07BWDJ7FF;B0BYTB43KT;B08FJFZKXZ;B08RD8CX5F;B0B7H2PZZJ;B08JCTTVLG;B089374PMD;B077XY5KVH;B08P51DJ6X;B00PG84H9G,True,0,True,2,1,False,1,False,True,1,1,,B0BYZX7B1L,True,0,,,,,,,,,,,,,,,,,,,,,,,,,,,,,,,,,,,,,,,,,,,,,,,,
public_0048,browsing,B00VQBMJUQ,28,10,other,B07ZN8DS72;B07GQ6M3P5;B00CCQ779M;B09KMVDLV6;B01NA8A3UW;B01GIINAP4;B0819CN25R;B0995GRFQD;B0047ILGWM;B01IYGK3P8,True,0,True,2,2,False,8,False,True,8,8,,B009RBI23A;B00VQBMJUQ;B006TNHI6G;B003V4B9BQ;B0047ILGWM;B010Q0VDZ4;B00VUWDBQM;B0777S4HDN,True,0,,,,,,,,,,,,,,,,,,,,,,,,,,,,,,,,,,,,,,,,,,,,,,,,
public_0049,browsing,B08G4WVYLJ,665,10,feature,B07BFT1Q8G;B002HJ21TK;B089WBHSNC;B085L3NL16;B07F8V5YDK;B00LLNKFDW;B093X19RH4;B07F8ZFMHB;B01H7835O0;B077KFN2NL,True,0,True,3,1,False,6,False,True,298,10,other,B00Q7558N6;B07F8V5YDK;B00B29XFKU;B07F8ZFMHB;B002HJ21TK;B07Q9PNNB5;B00QTJVOBA;B079ZBZ7H7;B08MV2Y8BV;B07DR78Q33,True,0,6,6,,B08G4WVYLJ;B004N639Z0;B07PFD9D7M;B08CCZBPHB;B00K0LTUXW;B07XB7GBS3,True,0,,,,,,,,,,,,,,,,,,,,,,,,,,,,,,,,,,,,,,,,,,
public_0050,boundary,B07BYR6T7W,47,10,feature,B015A3JX2C;B09C1D9WJ1;B07DKLRG6Q;B004ZCZ068;B009ZNBRBY;B08W5BGMKH;B06VYDSYXB;B081JH8ZX2;B0016CPKBA;B07MDBMXZQ,True,0,True,3,4,False,17,False,False,47,10,other,B004ZCZ068;B015A3JX2C;B08W5BGMKH;B007KJ62NI;B01LB47O7U;B08YJ9W4T4;B07N9DDRTR;B00B0DJJ9O;B0041D9P12;B07DKLRG6Q,True,0,17,10,color,B007KJ62NI;B00B0DJJ9O;B00MAGO2W4;B07BYR6T7W;B006S4RCT4;B081JH8ZX2;B00B9Q3CO0;B0016CPKBA;B07DKLRG6Q;B06VYDSYXB,True,0,,,,,,,,,,,,,,,,,,,,,,,,,,,,,,,,,,,,,,,,,,
public_0051,browsing,B07N1624C5,342,10,other,B08Y8Z2HJ6;B07LHMF6FP;B015QSA3XE;B00IOT39RA;B074WDWSMT;B08CVQNK5T;B018TJC99I;B00I8QWWG8;B0BLBFQ9BG;B09PH72JM2,True,0,True,2,1,False,1,False,True,1,1,,B07N1624C5,True,0,,,,,,,,,,,,,,,,,,,,,,,,,,,,,,,,,,,,,,,,,,,,,,,,
public_0052,intent_override,B09G2ZNZY4,88,10,other,B010G9EDTS;B084177K12;B06VWPYPP5;B07X576P6L;B07JMMP5V4;B07MFRSDDK;B00QT8LUOM;B07W7X9SSR;B06Y45LVCS;B07YQFSX66,True,0,True,5,1,False,3,False,True,2,2,,B08CZ9TVQT;B09G2ZNZY4,True,0,232,10,material,B0991RZZKR;B09HBZPYJB;B074Z6BT18;B079QY8LW3;B093KV7LP1;B01EM470LQ;B09JT1T7GJ;B07FLVJ2MW;B08DTKVZD4;B08G8DS1R3,True,1,232,10,feature,B074Z6BT18;B08DTKVZD4;B08G8DS1R3;B07MX7VK2V;B09HBZPYJB;B07HFBCS6S;B093KV7LP1;B07FKHVNY6;B07DXNLGR8;B0991RZZKR,True,1,3,3,,B09G2ZNZY4;B075YDLHCJ;B07MKBYVK6,True,1,,,,,,,,,,,,,,,,,,,,,,,,,,,,,,
public_0053,buying,B07TZK3GZK,6,6,,B01DKXULIO;B08KWQR9YN;B07TZK3GZK;B07W4PP3M9;B00Z91DYPI;B07ZR88YLW,True,0,True,1,3,False,6,False,True,,,,,,,,,,,,,,,,,,,,,,,,,,,,,,,,,,,,,,,,,,,,,,,,,,,,,,
public_0054,buying,B08PP1ZJQ5,101,10,other,B08G81SR12;B08PP1ZJQ5;B08G8FY295;B09BM44G6N;B07TRMX52P;B09NRX1NLZ;B0B3J3726S;B082P7RP63;B07KRGX1ZD;B074SVJ8QT,True,0,True,1,2,False,101,False,False,,,,,,,,,,,,,,,,,,,,,,,,,,,,,,,,,,,,,,,,,,,,,,,,,,,,,,
public_0055,browsing,B0C1TDJ9HZ,283,10,feature,B0BBZ315JR;B001C16OXI;B00EM67A42;B07T5Q7G8R;B01J3IF93C;B081FK41NY;B000H76YK6;B004SGJAGC;B07KYYMVPN;B0814CS8MN,True,0,True,2,1,False,1,False,True,1,1,,B0C1TDJ9HZ,True,0,,,,,,,,,,,,,,,,,,,,,,,,,,,,,,,,,,,,,,,,,,,,,,,,
public_0056,browsing,B0B2RF64YD,1354,10,feature,B00H4MYKUS;B00UY06MFI;B016OT9D3K;B013D9P748;B07BFL9K3C;B00HLSVB66;B09WJX4T4L;B002CMLPNA;B07C29ND8N;B00M36PUYA,True,0,True,2,1,False,17,False,False,17,10,material,B0B2RF64YD;B07KB1ZLPR;B07KCFS4VC;B082X1P58X;B07DK55LK5;B07HJ8YS8Z;B08F7THD5J;B07K9DTL5C;B077TZT4ZG;B06XV37JPX,True,0,,,,,,,,,,,,,,,,,,,,,,,,,,,,,,,,,,,,,,,,,,,,,,,,
public_0057,browsing,B085RX192V,283,10,feature,B0BBZ315JR;B001C16OXI;B00EM67A42;B07T5Q7G8R;B01J3IF93C;B081FK41NY;B000H76YK6;B004SGJAGC;B07KYYMVPN;B0814CS8MN,True,0,True,2,5,False,8,False,True,8,8,,B01HQAYO8K;B010WFEKYE;B010WFUIOK;B0014C40B8;B085RX192V;B010WFUUXO;B01A6LZQ60;B01A6LZT26,True,0,,,,,,,,,,,,,,,,,,,,,,,,,,,,,,,,,,,,,,,,,,,,,,,,
public_0058,buying,B08L83YQTZ,27,10,other,B07J9JCNJD;B07FCCNNYH;B07TD4GFS5;B07TGGTKYL;B089QYV4SD;B07K46GBFM;B08L83YQTZ;B075FL65WP;B08GCH6PHB;B0871R9JDP,True,0,True,1,7,False,27,False,False,,,,,,,,,,,,,,,,,,,,,,,,,,,,,,,,,,,,,,,,,,,,,,,,,,,,,,
public_0059,browsing,B01H6DGA16,27,10,other,B07J9PWJJ4;B083SC32KL;B09JRTH188;B09NFNHCXS;B07XBXZ83S;B071WWFBC6;B07D4FQM2K;B09N9WRSFD;B09PMPGNVP;B01M5KP184,True,0,True,2,1,False,1,False,True,1,1,,B01H6DGA16,True,0,,,,,,,,,,,,,,,,,,,,,,,,,,,,,,,,,,,,,,,,,,,,,,,,
public_0060,browsing,B08R61K9B9,68,10,other,B08R61K9B9;B07P15RSD6;B07NPGSJ8Z;B082YRGKHW;B0156YEPZ0;B0BXX4XSN4;B074X7S7GZ;B0861BHRN1;B01M3QHEL7;B09KS6G93P,True,0,True,1,1,False,68,False,False,,,,,,,,,,,,,,,,,,,,,,,,,,,,,,,,,,,,,,,,,,,,,,,,,,,,,,
public_0061,buying,B08HCP9YTV,1,1,,B08HCP9YTV,True,0,True,1,1,False,1,False,True,,,,,,,,,,,,,,,,,,,,,,,,,,,,,,,,,,,,,,,,,,,,,,,,,,,,,,
public_0062,browsing,B015K51VPM,66,10,other,B076HNNXQ3;B00K8J06BQ;B09HTQD6R7;B01LS9JDZE;B075JH1T5W;B01N230VY5;B01LFLYTGS;B07THZP2X2;B07TJXMWJH;B071L23YM4,True,0,True,2,2,False,2,False,True,2,2,,B078JGR1S6;B015K51VPM,True,0,,,,,,,,,,,,,,,,,,,,,,,,,,,,,,,,,,,,,,,,,,,,,,,,
public_0063,browsing,B09MKL5TBK,54,10,other,B07ZY8TXMS;B00C6FIM0C;B09W5ZWL5V;B00HNYXPQW;B01N58PG9I;B09VL1SBKN;B097LQP2V4;B07DD5QGQ7;B073BNW3PH;B07QXX7YLN,True,0,True,2,1,False,1,False,True,1,1,,B09MKL5TBK,True,0,,,,,,,,,,,,,,,,,,,,,,,,,,,,,,,,,,,,,,,,,,,,,,,,
public_0064,intent_override,B019DU687Q,34,10,other,B00JTF6ZQK;B01EUWF92M;B08HCVH3ZR;B07CMZX48D;B01AOWY072;B082NKPBC1;B07KKFY6SF;B07S5Q9MJP;B08NZGBBPY;B019DU6AL0,True,0,True,4,7,False,26,False,False,1,1,,B019DU687Q,True,0,1,1,,B019DU687Q,True,0,26,10,material,B08XP1G6QS;B00H7MW1LU;B08NZGBBPY;B0798TR9J9;B07BKQ9DT4;B07Z3P2C5W;B019DU687Q;B019DU6AL0;B0B9B3KPS8;B08DQZQ7WP,True,1,,,,,,,,,,,,,,,,,,,,,,,,,,,,,,,,,,,,
public_0065,buying,B0BSQ9TCYC,3,3,,B0BSQ9TCYC;B07N8SGDV8;B074BMLZTL,True,0,True,1,1,False,3,False,True,,,,,,,,,,,,,,,,,,,,,,,,,,,,,,,,,,,,,,,,,,,,,,,,,,,,,,
public_0066,buying,B0BFLFSB2Y,67,10,other,B09YY1GTB3;B0BFLFSB2Y;B0752XJX83;B07RB18Q5T;B09X6K67M9;B07YCKDPFX;B0935PL54L;B072QX5LLH;B07PMMB284;B088K4GVX1,True,0,True,1,2,False,67,False,False,,,,,,,,,,,,,,,,,,,,,,,,,,,,,,,,,,,,,,,,,,,,,,,,,,,,,,
public_0067,buying,B09G9BXJZM,22,10,other,B0B7BR44DR;B09G9BXJZM;B07JZ6WW8N;B08CMMPJGN;B00DPDONTI;B0851QQZZH;B0751SRBVF;B0751SRBWS;B07RKRQPRP;B01FO3KKRU,True,0,True,1,2,False,22,False,False,,,,,,,,,,,,,,,,,,,,,,,,,,,,,,,,,,,,,,,,,,,,,,,,,,,,,,
public_0068,intent_override,B08SH8GF6K,1,1,,B08SH8GF6K,True,0,True,4,1,False,1,False,True,1,1,,B08SH8GF6K,True,0,103,10,other,B09128JC1H;B08THDPQG8;B08LHBTSD2;B0B1DQP56F;B0BQ5B2ZXF;B08R5ZY4W5;B07GWQ8BG1;B09TRVP7S1;B08R64GJ6Y;B01J2Q2RC6,True,1,1,1,,B08SH8GF6K,True,1,,,,,,,,,,,,,,,,,,,,,,,,,,,,,,,,,,,,
public_0069,browsing,B07ZFBQ76H,503,10,other,B000AXYEA4;B079B3N3H3;B083SDLMWT;B09NBBPDLJ;B00UL4XK34;B07DGW6RLD;B08B4B5C4L;B0013JKP52;B007GC2Y4U;B00MWA61CC,True,0,True,3,1,False,1,False,True,503,10,feature,B007JXYONA;B007Q1EHPK;B01LBW3L2Y;B08B833J56;B08HSWMMKD;B00UL4XK34;B08BFDQM3X;B000QSQC6C;B082G88XZ7;B079B3N3H3,True,0,1,1,,B07ZFBQ76H,True,0,,,,,,,,,,,,,,,,,,,,,,,,,,,,,,,,,,,,,,,,,,
public_0070,browsing,B010LVBVKA,13,10,feature,B08T9XMHM7;B010LVBVKA;B000R4JP7S;B004WYQA7W;B011O8L190;B00O1FFXH0;B074DQK589;B007XAI2JG;B076Q4429C;B017DNFIBW,True,0,True,1,2,False,13,False,False,,,,,,,,,,,,,,,,,,,,,,,,,,,,,,,,,,,,,,,,,,,,,,,,,,,,,,
public_0071,intent_override,B06XRFSDL4,99,10,other,B01N7F6XY2;B07GPSYDPY;B08DRLJ8YN;B0BKK1G46R;B082P7RP63;B08JYT91T8;B07X3CX1C3;B09JG9X6LF;B0C582Z9PV;B09MMRCQSS,True,0,True,4,3,False,135,False,False,1,1,,B06XRFSDL4,True,0,1,1,,B06XRFSDL4,True,0,135,10,material,B07FLX7CRN;B07H4LBDCS;B06XRFSDL4;B07RP71WXG;B07TXDSMDW;B07HRFTY87;B0757F8RJ2;B075Q54YPL;B07H2MMMR3;B0BTZZZWX7,True,1,,,,,,,,,,,,,,,,,,,,,,,,,,,,,,,,,,,,
public_0072,intent_override,B09JG4V9ZR,2,2,,B09JG4V9ZR;B07GGLPKN7,True,0,True,3,1,False,1,False,True,2,2,,B09JG4V9ZR;B07GGLPKN7,True,0,1,1,,B09JG4V9ZR,True,1,,,,,,,,,,,,,,,,,,,,,,,,,,,,,,,,,,,,,,,,,,
public_0073,browsing,B07QPM54V7,769,10,other,B007G3LTYU;B018GUB2LG;B07MH2XK2D;B07K53KM6F;B01GCIZ6PM;B09NR9DVX4;B098251TWN;B07S8H2Q4L;B07YGQ2373;B00L0SPVF0,True,0,True,2,1,False,1,False,True,1,1,,B07QPM54V7,True,0,,,,,,,,,,,,,,,,,,,,,,,,,,,,,,,,,,,,,,,,,,,,,,,,
public_0074,browsing,B07N15QTKC,342,10,other,B08Y8Z2HJ6;B07LHMF6FP;B015QSA3XE;B00IOT39RA;B074WDWSMT;B08CVQNK5T;B018TJC99I;B00I8QWWG8;B0BLBFQ9BG;B09PH72JM2,True,0,True,2,1,False,2,False,True,2,2,,B07N15QTKC;B0BQ5B2ZXF,True,0,,,,,,,,,,,,,,,,,,,,,,,,,,,,,,,,,,,,,,,,,,,,,,,,
public_0075,browsing,B08L13LJ5M,258,10,feature,B0115SZU6Y;B0722ZQR54;B0BN69RSTD;B09PK48V7Y;B07LGRDWPN;B08QTVVRW3;B08T6DHVGZ;B07B8R1CDS;B081CM34LK;B00DCYEJFI,True,0,True,2,5,False,18,False,False,18,10,other,B08T6DHVGZ;B076GQ4P5X;B07NZ4YQ3F;B08TWV2QCN;B08L13LJ5M;B0C2TZXDNP;B081CM34LK;B07B8R1CDS;B08J78XZHT;B075YSHVNP,True,0,,,,,,,,,,,,,,,,,,,,,,,,,,,,,,,,,,,,,,,,,,,,,,,,
public_0076,browsing,B07XT6PLTB,64,10,other,B0BMQPVBZH;B07RDMQRDL;B099ZF6TJ2;B00XED0VGS;B09J1BYL98;B09HNWB1X8;B07XC3BKW9;B07NW1L9TR;B08JPV5NWY;B081YW2D3N,True,0,True,2,8,False,8,False,True,8,8,,B07BPBR7ZS;B07FHF73YF;B07DNXYK7D;B07DW2THB1;B079786GXZ;B079JLLMTY;B07FMWFLJH;B07XT6PLTB,True,0,,,,,,,,,,,,,,,,,,,,,,,,,,,,,,,,,,,,,,,,,,,,,,,,
public_0077,browsing,B077JDSZ27,4,4,,B08M5NTK64;B077JDSZ27;B00B1AHBIC;B004ZWG0XU,True,0,True,1,2,False,4,False,True,,,,,,,,,,,,,,,,,,,,,,,,,,,,,,,,,,,,,,,,,,,,,,,,,,,,,,
public_0078,intent_override,B0C5RLJDSF,8,8,,B0C5RLJDSF;B082PKZ7DP;B06WGR9JTP;B0853XV3HR;B09Z34PD75;B0868VHGDC;B00B2Q9U4S;B09GBKLMQV,True,0,True,3,3,False,23,False,False,8,8,,B0C5RLJDSF;B082PKZ7DP;B06WGR9JTP;B0853XV3HR;B09Z34PD75;B0868VHGDC;B00B2Q9U4S;B09GBKLMQV,True,0,23,10,other,B0722MNYSM;B0C7SMTSMT;B0C5RLJDSF;B0B39BGPX6;B095WGCF79;B07XH1PJY3;B087WTFBWH;B0853XV3HR;B082PKZ7DP;B08664M5ZF,True,1,,,,,,,,,,,,,,,,,,,,,,,,,,,,,,,,,,,,,,,,,,
public_0079,browsing,B0BFRMX3JG,44,10,other,B07GYRBLKS;B07ZPVTZ8C;B077XYDD1G;B073WMB67P;B07WT12KFQ;B08H4XXVR5;B08SBRYSDS;B08MVTZ8H5;B07G85B33M;B01M03UHYC,True,0,True,2,1,False,2,False,True,2,2,,B0BFRMX3JG;B0BLWGPKVH,True,0,,,,,,,,,,,,,,,,,,,,,,,,,,,,,,,,,,,,,,,,,,,,,,,,
public_0080,intent_override,B0BPRQY4CF,67,10,other,B008AYAONG;B00BJBHXF4;B00T2893QI;B06Y1WX9FM;B0BPRQY4CF;B07PW4T128;B076K8QHTV;B07JLTBR3K;B01N19VS3S;B07X1KDWR8,True,0,True,5,2,False,26,False,False,5,5,,B0BPRQY4CF;B07PW4T128;B07HJDBN4L;B076K8QHTV;B00HUOI15A,True,0,5,5,,B0BPRQY4CF;B07PW4T128;B07HJDBN4L;B076K8QHTV;B00HUOI15A,True,0,83,10,feature,B00LJO26Z8;B00D4EDQ5K;B079M3M2V4;B00FFCP99K;B07C3L3LTQ;B008LIOPTA;B008LK6G9K;B08YF33VMB;B00KCRZIYE;B08YY4DMS4,True,1,26,10,material,B07HJDBN4L;B0BPRQY4CF;B076K8QHTV;B07NKBP6V4;B07JYFGHVT;B0BQ4YT2VX;B0009IJO8M;B07PW4T128;B00KTXKSRI;B00YQ54F10,True,1,,,,,,,,,,,,,,,,,,,,,,,,,,,,,,
public_0081,browsing,B0BSS36XCS,46,10,feature,B07HYJZKW4;B09Z8RQYF7;B075WRHFFW;B06ZYBR3GC;B07FHZ5VGS;B00KDC6VVW;B00LUIB2V2;B00L10BT3A;B07DQSWHWN;B00YBBN9B6,True,0,True,2,1,False,7,False,True,7,7,,B0BSS36XCS;B09TJR8FN9;B00W57TS6S;B0149B4YHK;B07NCS6DTX;B07FHZ5VGS;B01LWYIHJE,True,0,,,,,,,,,,,,,,,,,,,,,,,,,,,,,,,,,,,,,,,,,,,,,,,,
public_0082,buying,B09BPZCWDP,1,1,,B09BPZCWDP,True,0,True,1,1,False,1,False,True,,,,,,,,,,,,,,,,,,,,,,,,,,,,,,,,,,,,,,,,,,,,,,,,,,,,,,
public_0083,buying,B0BPMCJ1RD,317,10,other,B082SXK2WL;B0C9QZMCG7;B009DMDE3G;B09B57MHMM;B08H5R7P2D;B07H1C5MVN;B073XVWL6L;B099DWNZWD;B09KKTSCH2;B09H2HLZ7J,True,0,False,,,True,54,False,False,54,10,color,B08H5R7P2D;B081VC8KJR;B07T7KVQT4;B0BHSP3BR7;B072C3683J;B087SD826F;B081KQY9GT;B008MBMO5S;B0BK944NF4;B07JKR9YK1,True,0,54,10,size,B08H5R7P2D;B081VC8KJR;B07T7KVQT4;B0BHSP3BR7;B072C3683J;B087SD826F;B081KQY9GT;B008MBMO5S;B0BK944NF4;B07JKR9YK1,True,0,54,10,budget,B08H5R7P2D;B07T7KVQT4;B087SD826F;B072C3683J;B0762R5YZM;B081KQY9GT;B0BK944NF4;B07JKR9YK1;B0B1MYKJBB;B008MBMO5S,True,0,54,10,brand,B08H5R7P2D;B07T7KVQT4;B087SD826F;B072C3683J;B0762R5YZM;B081KQY9GT;B0BK944NF4;B07JKR9YK1;B0B1MYKJBB;B008MBMO5S,True,0,54,10,,B08H5R7P2D;B07T7KVQT4;B087SD826F;B072C3683J;B0762R5YZM;B081KQY9GT;B0BK944NF4;B07JKR9YK1;B0B1MYKJBB;B008MBMO5S,True,0,54,10,,B0762R5YZM;B07BTM7RR5;B07L1M6YHD;B0B1MYKJBB;B0B2JPRDMG;B077KSK21S;B09X2KV5ZW;B07T7KVQT4;B08FKWC9XR;B07YLZLPMQ,True,0,54,10,,B0762R5YZM;B07BTM7RR5;B07L1M6YHD;B0B1MYKJBB;B0B2JPRDMG;B077KSK21S;B09X2KV5ZW;B07T7KVQT4;B08FKWC9XR;B07YLZLPMQ,True,0,54,10,,B0762R5YZM;B07BTM7RR5;B07L1M6YHD;B0B1MYKJBB;B0B2JPRDMG;B077KSK21S;B09X2KV5ZW;B07T7KVQT4;B08FKWC9XR;B07YLZLPMQ,True,0,54,10,,B0762R5YZM;B07BTM7RR5;B07L1M6YHD;B0B1MYKJBB;B0B2JPRDMG;B077KSK21S;B09X2KV5ZW;B07T7KVQT4;B08FKWC9XR;B07YLZLPMQ,True,0
public_0084,intent_override,B08WKZNFG2,8,8,,B01IC51E4K;B001FOR2DS;B00NFDCLEC;B008C1X9QG;B0062ODJ10;B016KJE6FE;B00JW0AYXW;B08WKZNFG2,True,0,True,5,1,False,1,False,True,8,8,,B01IC51E4K;B001FOR2DS;B00NFDCLEC;B008C1X9QG;B0062ODJ10;B016KJE6FE;B00JW0AYXW;B08WKZNFG2,True,0,8,8,,B01IC51E4K;B001FOR2DS;B00NFDCLEC;B008C1X9QG;B0062ODJ10;B016KJE6FE;B00JW0AYXW;B08WKZNFG2,True,0,12,10,other,B00DCYEJFI;B07PJZ193K;B07PHPPMFW;B0B71T4L93;B0BRVFND5P;B09ZYDW9K3;B07BP2J7MB;B07PDJW7PF;B07X5SPJT6;B071WRD4HY,True,1,1,1,,B08WKZNFG2,True,1,,,,,,,,,,,,,,,,,,,,,,,,,,,,,,
public_0085,browsing,B0C3YJMRRD,190,10,feature,B09132PQ2N;B07WSNM7X9;B01NBCDIOX;B081SSBG6X;B0C623C7DZ;B08QPCK8HW;B072Z81QFT;B09YMTKQGL;B09KQ74TSF;B0B3S4Y25C,True,0,True,2,1,False,1,False,True,1,1,,B0C3YJMRRD,True,0,,,,,,,,,,,,,,,,,,,,,,,,,,,,,,,,,,,,,,,,,,,,,,,,
public_0086,browsing,B07WN8N9Q7,538,10,other,B07TV276D3;B0943ZSRXM;B07H88B814;B000NGKAY2;B0B4W37CRS;B002FTP8LK;B01AIJLYXO;B0BC2JHB1N;B07C1Q7P9L;B07N589PNW,True,0,True,2,1,False,1,False,True,1,1,,B07WN8N9Q7,True,0,,,,,,,,,,,,,,,,,,,,,,,,,,,,,,,,,,,,,,,,,,,,,,,,
public_0087,browsing,B0BT158RRR,288,10,other,B0BBV7FK69;B09WDNF6P6;B087Q619T2;B0B5587BJQ;B01CUS7BRO;B007TX96MY;B07TRNPDJ2;B01MQVS5J6;B09QPFYZXD;B07ZDF6525,True,0,False,,,True,47,False,False,117,10,feature,B07XHPVVCW;B09JG8V6P8;B00LNCECL2;B08DWLNBWD;B07PMV29LB;B08DSWWW7K;B00MLPDFL8;B0781FBSJK;B0749C523X;B081BD9J2T,True,0,47,10,use_case,B00LNCECL2;B08DWLNBWD;B08DSWWW7K;B00MLPDFL8;B00ED8UGFO;B07HMW2MKN;B07YGH6PQJ;B07T6PJYSG;B07NZ8NM7T;B07P4PG4XS,True,0,47,10,style,B00LNCECL2;B08DWLNBWD;B08DSWWW7K;B00MLPDFL8;B07HMW2MKN;B00ED8UGFO;B07T6PJYSG;B07YGH6PQJ;B06XSLS8GP;B07QW6Z8S4,True,0,47,10,material,B00LNCECL2;B08DWLNBWD;B08DSWWW7K;B00MLPDFL8;B07HMW2MKN;B00ED8UGFO;B07T6PJYSG;B07YGH6PQJ;B06XSLS8GP;B07QW6Z8S4,True,0,47,10,size,B00LNCECL2;B08DWLNBWD;B08DSWWW7K;B00MLPDFL8;B07HMW2MKN;B00ED8UGFO;B07T6PJYSG;B07YGH6PQJ;B06XSLS8GP;B07QW6Z8S4,True,0,47,10,budget,B00LNCECL2;B07T6PJYSG;B08DWLNBWD;B08DSWWW7K;B07YGH6PQJ;B07HMW2MKN;B00MLPDFL8;B07P4PKRP3;B07YGGSXC7;B07NZ8NM7T,True,0,47,10,brand,B00LNCECL2;B07T6PJYSG;B08DWLNBWD;B08DSWWW7K;B07YGH6PQJ;B07HMW2MKN;B00MLPDFL8;B07P4PKRP3;B07YGGSXC7;B07NZ8NM7T,True,0,47,10,color,B00LNCECL2;B07T6PJYSG;B08DWLNBWD;B08DSWWW7K;B07YGH6PQJ;B07HMW2MKN;B00MLPDFL8;B07P4PKRP3;B07YGGSXC7;B07NZ8NM7T,True,0,47,10,,B00LNCECL2;B07T6PJYSG;B08DWLNBWD;B08DSWWW7K;B07YGH6PQJ;B07HMW2MKN;B00MLPDFL8;B07P4PKRP3;B07YGGSXC7;B07NZ8NM7T,True,0
public_0088,buying,B07Z6J5N6Y,15,10,other,B0BQC2NRG2;B07K21Z6BY;B07CH3VM3D;B00C3UPPLY;B004IYFT28;B07FD5ZWXC;B010S8DWNK;B010S8E3HO;B083D9V8W4;B07WKDW9P6,True,0,True,2,1,False,1,False,True,1,1,,B07Z6J5N6Y,True,0,,,,,,,,,,,,,,,,,,,,,,,,,,,,,,,,,,,,,,,,,,,,,,,,
public_0089,intent_override,B0BXMCZLZV,1,1,,B0BXMCZLZV,True,0,True,3,3,False,10,True,True,1,1,,B0BXMCZLZV,True,0,10,10,,B004VM5WDI;B09XT5HRBD;B0BXMCZLZV;B077ZK6163;B07X2DQKTZ;B07TTR77FF;B008V1XNSG;B002B23SK4;B08BJS2JMQ;B08DRTD95Y,True,1,,,,,,,,,,,,,,,,,,,,,,,,,,,,,,,,,,,,,,,,,,
public_0090,buying,B07MGR6D5M,1,1,,B07MGR6D5M,True,0,True,1,1,False,1,False,True,,,,,,,,,,,,,,,,,,,,,,,,,,,,,,,,,,,,,,,,,,,,,,,,,,,,,,
public_0091,browsing,B0C5XB43GG,112,10,other,B08Z6TFWJR;B07B3JSC58;B002IVUKIQ;B014Y3QQ8I;B07K5T7CK7;B017BQUW12;B095C3ZX6B;B001QTL5GC;B01LCRFKV8;B07L48WF5B,True,0,True,2,1,False,1,False,True,1,1,,B0C5XB43GG,True,0,,,,,,,,,,,,,,,,,,,,,,,,,,,,,,,,,,,,,,,,,,,,,,,,
public_0092,browsing,B07FKNZC43,284,10,other,B07XGHXSHT;B09DYRGJMB;B09HHD3PRG;B08TWHZB5N;B08L5T396R;B07RGWNCZ9;B07N12F6LQ;B087CMYRLJ;B09WQPCJQ6;B087CY695Z,True,0,True,2,5,False,10,True,True,10,10,,B07N13M32R;B08LDKWB1F;B08GX2JLWL;B09M3YXM5G;B07FKNZC43;B08889Q88B;B08QJ5K69H;B08VVCJKPW;B096X9M1TT;B0C5MH6KT2,True,0,,,,,,,,,,,,,,,,,,,,,,,,,,,,,,,,,,,,,,,,,,,,,,,,
public_0093,buying,B07PYB8F1G,32,10,other,B01LBFT5Q2;B0BKPTWKN4;B09CM4MF7M;B093STRF2L;B00008ID1A;B07WNH77B2;B07PYB8F1G;B0825XCKVW;B07VMXSM1Q;B01BOKOC80,True,0,True,1,7,False,32,False,False,,,,,,,,,,,,,,,,,,,,,,,,,,,,,,,,,,,,,,,,,,,,,,,,,,,,,,
public_0094,buying,B01L99SW78,64,10,other,B005GT2GNY;B07589C9TH;B00NI6BALQ;B002C74IEI;B000EWDBRS;B0B8YZ9HMD;B00MOTXUC0;B017HXTLPW;B0033AI30I;B0098BNL58,True,0,True,2,1,False,1,False,True,1,1,,B01L99SW78,True,0,,,,,,,,,,,,,,,,,,,,,,,,,,,,,,,,,,,,,,,,,,,,,,,,
public_0095,buying,B09N78FT2W,124,10,other,B0785RCKBT;B07NRY3JRN;B0BDDWSPYR;B01MT6FTF8;B00B5POFGY;B01GJQYR4S;B079DYN5WP;B018T70URI;B0972SXG3T;B019DGD6ZC,True,0,True,2,1,False,1,False,True,1,1,,B09N78FT2W,True,0,,,,,,,,,,,,,,,,,,,,,,,,,,,,,,,,,,,,,,,,,,,,,,,,
public_0096,intent_override,B074K2QX3M,405,10,other,B07M64M3VG;B095P8KSH3;B0872RV848;B071YFH67B;B0888X1JKQ;B096RPJHN7;B09D16VZX3;B010L2CW3E;B088NP48MV;B079QW5SQ5,True,0,True,5,6,False,24,False,False,9,9,,B016L48MBC;B08QJCXXH6;B0928PSTGY;B09WMM6S2G;B08YR5M6C4;B01KKQLXW2;B07W4W6QNM;B09ZVM41GS;B074K2QX3M,True,0,244,10,material,B07PD2VK9W;B07JX4RHNX;B00CSCFJ0Y;B08YJK2Q8C;B08XBTGV8K;B0921NQML6;B071YFH67B;B016L48MBC;B010L2CW3E;B0CGRC72YG,True,1,244,10,feature,B07PD2VK9W;B08XBTGV8K;B07JX4RHNX;B091D5YK64;B00CSCFJ0Y;B00OKLCQ0C;B0C1FBGLQT;B09D16VZX3;B071YFH67B;B0CGRC72YG,True,1,24,10,use_case,B0C1FBGLQT;B09XJDLX5F;B07BJM5T7K;B08YR5M6C4;B0BX1C7Z5L;B074K2QX3M;B07QWL9PB7;B08NPT6P2Z;B09W5BQS9D;B08G1C4MN3,True,1,,,,,,,,,,,,,,,,,,,,,,,,,,,,,,
public_0097,buying,B0785RCKBT,124,10,other,B0785RCKBT;B07NRY3JRN;B0BDDWSPYR;B01MT6FTF8;B00B5POFGY;B01GJQYR4S;B079DYN5WP;B018T70URI;B0972SXG3T;B019DGD6ZC,True,0,True,1,1,False,124,False,False,,,,,,,,,,,,,,,,,,,,,,,,,,,,,,,,,,,,,,,,,,,,,,,,,,,,,,
public_0098,browsing,B08CZ34D75,522,10,other,B09JZSCRTV;B00JRT66QC;B00QHITDZM;B00QW3FGL2;B00QW3LMYM;B01CJ36DHO;B08LP7G4TN;B014EBI0RA;B00K7L5DIG;B06W9J53K5,True,0,True,2,1,False,1,False,True,1,1,,B08CZ34D75,True,0,,,,,,,,,,,,,,,,,,,,,,,,,,,,,,,,,,,,,,,,,,,,,,,,
public_0099,browsing,B0971YMPCR,127,10,other,B0973M4832;B07X48JFV1;B09Y63S4MP;B08BYQPQDT;B08JL8ZDX7;B09SZ8TC1S;B07JF4TV4F;B08JLG55SX;B09H34Q9SQ;B07HJC93P1,True,0,True,2,1,False,5,False,True,5,5,,B0971YMPCR;B0716XGGKN;B09GL65W9V;B07CGLPT17;B084GFK3GR,True,0,,,,,,,,,,,,,,,,,,,,,,,,,,,,,,,,,,,,,,,,,,,,,,,,
public_0100,browsing,B002OHE4D6,665,10,feature,B07BFT1Q8G;B002HJ21TK;B089WBHSNC;B085L3NL16;B07F8V5YDK;B00LLNKFDW;B093X19RH4;B07F8ZFMHB;B01H7835O0;B077KFN2NL,True,0,True,2,1,False,1,False,True,1,1,,B002OHE4D6,True,0,,,,,,,,,,,,,,,,,,,,,,,,,,,,,,,,,,,,,,,,,,,,,,,,
public_0101,buying,B07QMS8TX8,14,10,other,B078XJN2ZS;B07QMS8TX8;B0082153QU;B01MQUDPPO;B00UYE32DO;B01FON9H5G;B07MR3H7H1;B07KJHJJJ8;B01N7TWD24;B01CFX0G3K,True,0,True,1,2,False,14,False,False,,,,,,,,,,,,,,,,,,,,,,,,,,,,,,,,,,,,,,,,,,,,,,,,,,,,,,
public_0102,browsing,B07PWZXZVX,230,10,other,B07JX5114N;B00CFN6I9M;B01CF57RM6;B076GX2PV6;B01G3P0Y74;B07H4N7BT9;B01CNE24VS;B09VRS7ZDV;B000ATKB3C;B0009K21I0,True,0,True,2,1,False,1,False,True,1,1,,B07PWZXZVX,True,0,,,,,,,,,,,,,,,,,,,,,,,,,,,,,,,,,,,,,,,,,,,,,,,,
public_0103,intent_override,B0BT8T2FQ3,21,10,other,B00BXWQIAA;B00KDC6VVW;B00LUIB2V2;B0BT8T2FQ3;B00L10BT3A;B07HC5LL2H;B008U7KRBW;B07HYJZKW4;B07DJSPRYY;B09JVB9G5P,True,0,True,5,3,False,15,False,False,4,4,,B07HYJZKW4;B008U7KRBW;B00KDC6VVW;B0BT8T2FQ3,True,0,4,4,,B07HYJZKW4;B008U7KRBW;B00KDC6VVW;B0BT8T2FQ3,True,0,34,10,feature,B07HYJZKW4;B07HC5LL2H;B017HY4YAI;B00KDC6VVW;B07DJSPRYY;B00F0TO1S8;B0038A1A0I;B07YDZZDGQ;B017HY3OH2;B0036UZNBC,True,1,15,10,material,B07HC5LL2H;B00KDC6VVW;B0BT8T2FQ3;B0BXP6MG3X;B008U7KRBW;B07YDZZDGQ;B00F0TO1S8;B07HYJZKW4;B07CLKVV5K;B07DJSPRYY,True,1,,,,,,,,,,,,,,,,,,,,,,,,,,,,,,
public_0104,boundary,B00QSAICLU,55,10,other,B07YF4S394;B094FZ3F7C;B0B9GN8FLR;B076CQX7QT;B097Q3NX2D;B09KC8VMDH;B01M59K07R;B09Q1NN2Q7;B0779C2GQJ;B09YXYLFGN,True,0,True,3,1,False,1,False,True,55,10,feature,B09Q1NN2Q7;B074KJ68LT;B094FZ3F7C;B0B6BTLLKR;B00RQNNSQM;B09YXYLFGN;B08YQTWBV3;B097Q3NX2D;B0B9GN8FLR;B076CQX7QT,True,0,1,1,,B00QSAICLU,True,0,,,,,,,,,,,,,,,,,,,,,,,,,,,,,,,,,,,,,,,,,,
public_0105,browsing,B07Q46M2J2,263,10,other,B09KLQ3J42;B0785RCKBT;B07TGJYMDB;B08F5KNLCB;B01H1WKMAW;B087M7VHS7;B00PXCNPAM;B09SG49FWM;B00MAA5DKK;B09QMC973T,True,0,True,2,2,False,2,False,True,2,2,,B086PW98YT;B07Q46M2J2,True,0,,,,,,,,,,,,,,,,,,,,,,,,,,,,,,,,,,,,,,,,,,,,,,,,
public_0106,buying,B0776SVXW9,30,10,other,B09DJ9H1WB;B00UKXH1XG;B07XGHG69F;B079ZZ1XTR;B07G1ZR6JZ;B07C24QYMM;B07X4239HW;B014X2BRPM;B00EFYU8PO;B07NLXPVCD,True,0,True,2,2,False,3,False,True,3,3,,B01HWNHYI8;B0776SVXW9;B08P99CVYR,True,0,,,,,,,,,,,,,,,,,,,,,,,,,,,,,,,,,,,,,,,,,,,,,,,,
public_0107,buying,B01KPFK9ZA,4,4,,B073X8SH4Z;B01KPFK9ZA;B004QS8TFK;B00R6RX700,True,0,True,1,2,False,4,False,True,,,,,,,,,,,,,,,,,,,,,,,,,,,,,,,,,,,,,,,,,,,,,,,,,,,,,,
public_0108,buying,B01I21CI7G,3,3,,B00LXU7LVW;B01I21CI7G;B004HHNN9M,True,0,True,1,2,False,3,False,True,,,,,,,,,,,,,,,,,,,,,,,,,,,,,,,,,,,,,,,,,,,,,,,,,,,,,,
public_0109,buying,B016OT9D3K,208,10,other,B0009GCUIU;B07PZ8JR4C;B013D9P748;B0009GI3CM;B07L51LQKH;B004NDDJ8U;B016OT9D3K;B00K63TF4I;B076K4DTK9;B07JX7RGNZ,True,0,True,1,7,False,208,False,False,,,,,,,,,,,,,,,,,,,,,,,,,,,,,,,,,,,,,,,,,,,,,,,,,,,,,,
public_0110,browsing,B0C277G9FW,276,10,other,B004I6E8NW;B074RLSFKX;B07GSNFNFT;B09KCHNB6L;B0C8FCMS9S;B0064BCRU0;B01GGOKIDM;B01GGOL3S6;B00J3B1O52;B07QC55D7P,True,0,True,2,1,False,1,False,True,1,1,,B0C277G9FW,True,0,,,,,,,,,,,,,,,,,,,,,,,,,,,,,,,,,,,,,,,,,,,,,,,,
public_0111,buying,B07H7BWMQF,106,10,other,B00G2JIVFY;B08GM5TMYB;B07Y2LKNGM;B07X64PVHF;B08YMVQGJ9;B0BDL17BCN;B08CXP1W5W;B097ZNSS1D;B08C4PF2RW;B07YJV15W4,True,0,True,2,1,False,1,False,True,1,1,,B07H7BWMQF,True,0,,,,,,,,,,,,,,,,,,,,,,,,,,,,,,,,,,,,,,,,,,,,,,,,
public_0112,boundary,B086ZNJY8K,342,10,other,B08Y8Z2HJ6;B07LHMF6FP;B015QSA3XE;B00IOT39RA;B074WDWSMT;B08CVQNK5T;B018TJC99I;B00I8QWWG8;B0BLBFQ9BG;B09PH72JM2,True,0,True,3,1,False,1,False,True,342,10,feature,B008J4G92M;B09QS2WXLZ;B007PBPEFI;B00E41UJSY;B07KFQGV1J;B07GH7D1LM;B00I8QWWG8;B015QSA3XE;B07C91Z2LP;B095X95CMR,True,0,1,1,,B086ZNJY8K,True,0,,,,,,,,,,,,,,,,,,,,,,,,,,,,,,,,,,,,,,,,,,
public_0113,browsing,B08CTFPBN5,538,10,other,B07TV276D3;B0943ZSRXM;B07H88B814;B000NGKAY2;B0B4W37CRS;B002FTP8LK;B01AIJLYXO;B0BC2JHB1N;B07C1Q7P9L;B07N589PNW,True,0,True,2,1,False,1,False,True,1,1,,B08CTFPBN5,True,0,,,,,,,,,,,,,,,,,,,,,,,,,,,,,,,,,,,,,,,,,,,,,,,,
public_0114,buying,B07H34Z5V6,534,10,other,B01GGUDK7M;B07BBS8J6P;B0BM37GXZK;B07P7Y57X3;B09RHPGHV3;B07HRBRVLB;B06VSJ5QBR;B08RP9SJ7P;B08C5KZKZ8;B07Z49C41Y,True,0,True,2,1,False,1,False,True,1,1,,B07H34Z5V6,True,0,,,,,,,,,,,,,,,,,,,,,,,,,,,,,,,,,,,,,,,,,,,,,,,,
public_0115,browsing,B08VWZBYPY,178,10,other,B0117R04NM;B098T73R3K;B07ZHJJ62N;B07NGK9KSN;B085FML2HF;B00YNJ5PD6;B07NBTTBJY;B0895D7XD8;B01COS3TIU;B08FWY1CYH,True,0,True,2,8,False,10,True,True,10,10,,B00HJQH5GA;B08786GMGG;B08NXKWF2R;B07X7ND7T7;B01N591VOO;B07KLQFHBP;B07RWB95CX;B08VWZBYPY;B09H6WGYLN;B093SQWKKH,True,0,,,,,,,,,,,,,,,,,,,,,,,,,,,,,,,,,,,,,,,,,,,,,,,,
public_0116,buying,B07S2Y3THP,18,10,other,B009T1FT4S;B00J34X0WE;B00B5ZU8WO;B00DNO2Y68;B00ALYJUZQ;B005AEG4KG;B00R58PKX2;B00GN0BZM8;B082QL8WZ4;B08B7X2BWJ,True,0,True,2,1,False,1,False,True,1,1,,B07S2Y3THP,True,0,,,,,,,,,,,,,,,,,,,,,,,,,,,,,,,,,,,,,,,,,,,,,,,,
public_0117,buying,B07HJ18QRQ,5,5,,B07HJ18QRQ;B09FGJNXZL;B08QCJY5DV;B09K7LMRW1;B00VBG9XCS,True,0,True,1,1,False,5,False,True,,,,,,,,,,,,,,,,,,,,,,,,,,,,,,,,,,,,,,,,,,,,,,,,,,,,,,
public_0118,buying,B09M72C8PG,48,10,other,B0BFVFFHKS;B07C4SDKWK;B09JJYFXBN;B082R1852R;B07VCZL719;B00CRLN7SW;B09PDV687N;B08DF9F8KG;B09Q5T3D67;B087N9QRFS,True,0,True,2,1,False,1,False,True,1,1,,B09M72C8PG,True,0,,,,,,,,,,,,,,,,,,,,,,,,,,,,,,,,,,,,,,,,,,,,,,,,
public_0119,buying,B0BBLR3QB2,1,1,,B0BBLR3QB2,True,0,True,1,1,False,1,False,True,,,,,,,,,,,,,,,,,,,,,,,,,,,,,,,,,,,,,,,,,,,,,,,,,,,,,,
public_0120,browsing,B08GPGX2QG,349,10,feature,B07VMHRBLK;B07GXB6MPF;B0BF63GQT7;B013AWNW7W;B08M466L1T;B01MRKE4IY;B00DS3IQ16;B00E96O2O6;B01N9WWUUQ;B00RL1I6GQ,True,0,True,2,2,False,9,False,True,9,9,,B06X914K1P;B08GPGX2QG;B06XJ5ZTN5;B008UZO4KO;B00C0DEG78;B08KQDB3QX;B0847PC89C;B018XNRM7Y;B09GKNS3DB,True,0,,,,,,,,,,,,,,,,,,,,,,,,,,,,,,,,,,,,,,,,,,,,,,,,
public_0121,browsing,B08HS712ZB,230,10,other,B07JX5114N;B00CFN6I9M;B01CF57RM6;B076GX2PV6;B01G3P0Y74;B07H4N7BT9;B01CNE24VS;B09VRS7ZDV;B000ATKB3C;B0009K21I0,True,0,True,2,2,False,9,False,True,9,9,,B0032FP0IW;B08HS712ZB;B08P14CYYC;B09T782383;B07D9H6DM9;B08V1BDQNX;B01CH3AZMU;B086X5F41G;B06XSLP2CV,True,0,,,,,,,,,,,,,,,,,,,,,,,,,,,,,,,,,,,,,,,,,,,,,,,,
public_0122,browsing,B074KJ49F2,263,10,other,B09KLQ3J42;B0785RCKBT;B07TGJYMDB;B08F5KNLCB;B01H1WKMAW;B087M7VHS7;B00PXCNPAM;B09SG49FWM;B00MAA5DKK;B09QMC973T,True,0,True,2,1,False,1,False,True,1,1,,B074KJ49F2,True,0,,,,,,,,,,,,,,,,,,,,,,,,,,,,,,,,,,,,,,,,,,,,,,,,
public_0123,intent_override,B07CZ84YFJ,4,4,,B07HF4BL1Z;B07CZ84YFJ;B07YNHZDY2;B096BNFQ31,True,0,True,4,1,False,1,False,True,4,4,,B07HF4BL1Z;B07CZ84YFJ;B07YNHZDY2;B096BNFQ31,True,0,17,10,other,B0989PNY1Y;B01900O8HQ;B08GY1WQ9J;B089LH1Z8M;B073DW3S4V;B00EQQQHTM;B09C88GDY6;B071G29H3F;B079H8Z47H;B00OKYI9PK,True,1,1,1,,B07CZ84YFJ,True,1,,,,,,,,,,,,,,,,,,,,,,,,,,,,,,,,,,,,
public_0124,buying,B07TN1845M,113,10,other,B00T0RA5EK;B00DEJI6GE;B07TN1845M;B08Q3MS5WP;B00UI9LDI6;B0B513222K;B09HN77X34;B08G59L944;B00QG5ZZ3A;B0795BH5DH,True,0,True,1,3,False,113,False,False,,,,,,,,,,,,,,,,,,,,,,,,,,,,,,,,,,,,,,,,,,,,,,,,,,,,,,
public_0125,intent_override,B07VCYFB5D,3,3,,B07VCYFB5D;B07WZQ2WF9;B08HGL5MTV,True,0,True,4,2,False,9,False,True,3,3,,B07VCYFB5D;B07WZQ2WF9;B08HGL5MTV,True,0,3,3,,B07VCYFB5D;B07WZQ2WF9;B08HGL5MTV,True,0,9,9,,B083LFWGH1;B07VCYFB5D;B07WZQ2WF9;B001ATKZFA;B07WZQ3C6Y;B079ZRH7DK;B07CMFNBVX;B07G8R49M3;B09K8Z4MMS,True,1,,,,,,,,,,,,,,,,,,,,,,,,,,,,,,,,,,,,
public_0126,browsing,B09M84R91V,681,10,other,B0C9QZMCG7;B07DCR67LV;B009DMDE3G;B07Q7ZM916;B079NQ4WVT;B07F1VQ3N6;B099DWNZWD;B08CDRTXL6;B07K2TQM3G;B0C74K6GL4,True,0,True,2,10,False,20,False,False,20,10,feature,B07TFF3C28;B07SD35K7G;B07GB526QT;B09VX7HZHW;B0B1CJXL7D;B097GQQMPX;B0B4RW6DF2;B07MFKLHD3;B06Y2QHMKT;B09M84R91V,True,0,,,,,,,,,,,,,,,,,,,,,,,,,,,,,,,,,,,,,,,,,,,,,,,,
public_0127,browsing,B0B8DX189T,113,10,other,B011F2AS9O;B00400NSBE;B07R5BPPM4;B00597M1DI;B07JMGL1S8;B00V022P4Q;B004I4GVX4;B07JX68J1X;B00R7GQOJ6;B01L6WQMV6,True,0,True,2,7,False,8,False,True,8,8,,B002MUA85S;B07KXQX2YY;B09H42R691;B00400NSBE;B003X0BUHG;B07KS1RYPZ;B0B8DX189T;B00LADQ5F0,True,0,,,,,,,,,,,,,,,,,,,,,,,,,,,,,,,,,,,,,,,,,,,,,,,,
public_0128,browsing,B0BNP1RZ2W,200,10,other,B0085RY236;B00H4V1JEO;B0C4KH4H82;B0BV9NRN5W;B009ZHE1KY;B0762YGPK9;B01CYLW14K;B0C8CHHHQ9;B06XW4LC2D;B00A179LYI,True,0,True,2,1,False,1,False,True,1,1,,B0BNP1RZ2W,True,0,,,,,,,,,,,,,,,,,,,,,,,,,,,,,,,,,,,,,,,,,,,,,,,,
public_0129,buying,B0936ZJJ68,15,10,other,B0929KL5W7;B083BG1PY5;B0936ZJJ68;B0B53H6J51;B093JQPT5G;B08H2CKF4Z;B08H2C3NGL;B0B97JNGGY;B0B7DWBL9Y;B0C6DQNQK7,True,0,True,1,3,False,15,False,False,,,,,,,,,,,,,,,,,,,,,,,,,,,,,,,,,,,,,,,,,,,,,,,,,,,,,,
public_0130,intent_override,B07X9V6HZX,1,1,,B07X9V6HZX,True,0,True,4,3,False,3,False,True,1,1,,B07X9V6HZX,True,0,32,10,other,B07WNH77B2;B0BKPTWKN4;B00008ID1A;B09CM4MF7M;B08T5ZMVFN;B0825XCKVW;B00BECKZC6;B01BOKOC80;B01LBFT5Q2;B0010KTB1I,True,1,3,3,,B07JCMHH58;B09SYVPC12;B07X9V6HZX,True,1,,,,,,,,,,,,,,,,,,,,,,,,,,,,,,,,,,,,
public_0131,boundary,B07PQQQ8ZL,24,10,other,B0BKBS1DQ3;B0BF5F88VT;B00AMA1QEC;B01N0GC4V7;B07MYZ4VXM;B00LLQ246A;B077YFNJL5;B07PQQQ8ZL;B00BB2O110;B00FITO44G,True,0,True,1,8,False,24,False,False,,,,,,,,,,,,,,,,,,,,,,,,,,,,,,,,,,,,,,,,,,,,,,,,,,,,,,
public_0132,buying,B08X2X83DW,72,10,other,B0943ZSRXM;B07H88B814;B07JJJFXLH;B07WHWQ8G6;B01MT5WXB2;B0825GGDMV;B07XCDCQF5;B08HH2FX9W;B07WVWK85G;B083TC99X3,True,0,True,2,1,False,1,False,True,1,1,,B08X2X83DW,True,0,,,,,,,,,,,,,,,,,,,,,,,,,,,,,,,,,,,,,,,,,,,,,,,,
public_0133,buying,B01KILT64Q,142,10,other,B01KILT64Q;B08WY897LH;B07T1G5QHP;B082HP1KRM;B07M9SSTM6;B009CZ49TC;B00DMS1W04;B0BWLDWPFV;B008OJV3TQ;B09X1J2Y61,True,0,True,1,1,False,142,False,False,,,,,,,,,,,,,,,,,,,,,,,,,,,,,,,,,,,,,,,,,,,,,,,,,,,,,,
public_0134,browsing,B081SF3QRL,37,10,other,B07QY12ZQC;B010VUE1JO;B07K245NDC;B07RQHQG6T;B018IMTCUK;B013TMG9LO;B0B49BH2JD;B07GJRY7MS;B0811DGPJP;B0BF54HZ4P,True,0,True,2,1,False,1,False,True,1,1,,B081SF3QRL,True,0,,,,,,,,,,,,,,,,,,,,,,,,,,,,,,,,,,,,,,,,,,,,,,,,
public_0135,buying,B0C6BL4RNN,37,10,other,B005DD2A7K;B00KT435WM;B00KAZSLFQ;B00N0HHUOY;B09Q5T8RFS;B0BC2JHB1N;B09BT9TVGK;B07Z4DGLVN;B0C6BL4RNN;B09BPGYNFC,True,0,True,1,9,False,37,False,False,,,,,,,,,,,,,,,,,,,,,,,,,,,,,,,,,,,,,,,,,,,,,,,,,,,,,,
public_0136,buying,B091F54MWM,122,10,other,B0861R2F9G;B08B5VMX8Y;B0BJDV4ZS1;B095KLKV2L;B09TNLZ2WQ;B01M22QTWT;B0992GKP62;B07RFVCK4Y;B01ELBMUM4;B091F54MWM,True,0,True,1,10,False,122,False,False,,,,,,,,,,,,,,,,,,,,,,,,,,,,,,,,,,,,,,,,,,,,,,,,,,,,,,
public_0137,browsing,B01N67CJGX,338,10,other,B08G81SR12;B0BMZJH9NT;B08G8FY295;B07N18YSRN;B09DPCDFQ1;B08K2GR5GY;B08F9P3YBL;B07QGTHJBV;B01N7W3C29;B07ZJMSSXX,True,0,True,2,6,False,9,False,True,9,9,,B01879PLQ8;B0BSFTKSF6;B01A7RFQMM;B09882214F;B07QGTHJBV;B01N67CJGX;B00NUIZHVQ;B01FV283GE;B00NYXYG82,True,0,,,,,,,,,,,,,,,,,,,,,,,,,,,,,,,,,,,,,,,,,,,,,,,,
public_0138,browsing,B0B4BRW7JT,519,10,other,B0991RZZKR;B095CM4F2J;B01EM470LQ;B08C2N139Z;B08BL1Y5QG;B08762F8KF;B07CTCMXLB;B09YLMJ2DF;B06Y5WWC4M;B01E37SQ2O,True,0,True,3,3,False,4,False,True,38,10,feature,B0743K2K7J;B01B8BV4GI;B07L4HCNDT;B01BLVH0NG;B01NCR6TKU;B07RGTBSJ5;B01LW7MK7A;B076FKSRLH;B01LW8ZRRA;B06WCZYWLG,True,0,4,4,,B07RGTBSJ5;B07XBJ2HQ4;B0B4BRW7JT;B01ICF4B68,True,0,,,,,,,,,,,,,,,,,,,,,,,,,,,,,,,,,,,,,,,,,,
public_0139,browsing,B09SGYPW3M,680,10,other,B07P83918M;B08YJK2Q8C;B0921NQML6;B07G47C934;B016L48MBC;B07CXN3GF3;B09SGYPW3M;B07B9NPFG5;B010L2CW3E;B07QC9MS2K,True,0,True,1,7,False,680,False,False,,,,,,,,,,,,,,,,,,,,,,,,,,,,,,,,,,,,,,,,,,,,,,,,,,,,,,
public_0140,browsing,B09BT6LSJV,78,10,other,B014UT4AMU;B0BSR4MYMC;B00ZFMHQNM;B007YQ1HN2;B09DY9Q2HN;B07V4NNL7M;B09KNFKZ53;B07V4NQ984;B09H5KXCMQ;B08D94XW8C,True,0,True,2,2,False,4,False,True,4,4,,B095HJYFCJ;B09BT6LSJV;B01N8Y33RM;B01LZAJBAP,True,0,,,,,,,,,,,,,,,,,,,,,,,,,,,,,,,,,,,,,,,,,,,,,,,,
public_0141,browsing,B0BLH7JHG8,14,10,other,B001EU3ZR0;B07TXH6Z4T;B07TWMXJMZ;B0018WNDTO;B08DCFZ1WB;B0BY2KGLW8;B07KWHWSDJ;B0BLH7JHG8;B013XEOEEW;B0BC17W7G7,True,0,True,1,8,False,14,False,False,,,,,,,,,,,,,,,,,,,,,,,,,,,,,,,,,,,,,,,,,,,,,,,,,,,,,,
public_0142,intent_override,B07YRGC1Q1,1,1,,B07YRGC1Q1,True,0,True,5,1,False,1,False,True,1,1,,B07YRGC1Q1,True,0,1,1,,B07YRGC1Q1,True,0,117,10,other,B01N6RP0OM;B07FSZY32K;B08LQHMBN2;B07FXCTPYT;B003CULPOK;B07XG37GZM;B08P3BMJ5V;B00J2R7A32;B01FGU8NPM;B085KXLHJL,True,1,1,1,,B07YRGC1Q1,True,1,,,,,,,,,,,,,,,,,,,,,,,,,,,,,,
public_0143,buying,B01H54X6CM,21,10,other,B0789256T8;B01H54X6CM;B07GYZ84W1;B00K3NDCUE;B07GF1R2MK;B07GFCNVDG;B07NPL8BSV;B0088MVCK4;B075G3KC28;B011HT67BS,True,0,True,1,2,False,21,False,False,,,,,,,,,,,,,,,,,,,,,,,,,,,,,,,,,,,,,,,,,,,,,,,,,,,,,,
public_0144,intent_override,B08LMMDYV7,54,10,other,B07VVWPQ4Y;B0B2DNJTVB;B07TPY8NVR;B09JX1Q6RY;B013WL5U2G;B07CZGMNML;B00LEOX31O;B08JXKM9GN;B07GB6H1ZW;B01LDBLG9S,True,0,True,5,3,False,13,False,False,10,10,,B09JX1Q6RY;B07BR2J71F;B07CZGMNML;B01GHS9PUE;B088Y6BN67;B0BCK59834;B08LMMDYV7;B09LRJ6NQX;B09D112TGF;B081BHJZWZ,True,0,10,10,,B09JX1Q6RY;B07BR2J71F;B07CZGMNML;B01GHS9PUE;B088Y6BN67;B0BCK59834;B08LMMDYV7;B09LRJ6NQX;B09D112TGF;B081BHJZWZ,True,0,47,10,feature,B00YXOCC9Q;B072LW2R4F;B07Y8YH7GN;B0817DNG8B;B01J803QJY;B0B87BPPH5;B07CZGMNML;B09L5L9463;B01GHS9PUE;B08TTDX89T,True,1,13,10,material,B07CZGMNML;B0BCK59834;B08LMMDYV7;B0B68X2DMM;B07BR2J71F;B01GHS9PUE;B09LRJ6NQX;B09L5L9463;B09GL52KHY;B09D112TGF,True,1,,,,,,,,,,,,,,,,,,,,,,,,,,,,,,
public_0145,buying,B00IJZZWGA,96,10,other,B01MRMIZRU;B00JZZZLZK;B004W464GO;B073VR1JRH;B07VTR9J38;B07VGKGBBW;B01ALRO2D2;B07YN6YR91;B09PHB5Q5C;B000TF9SLI,True,0,True,2,7,False,12,False,False,12,10,size,B081J57LP5;B0BFB3T4ZC;B00AM12ZKU;B0B7F884XV;B00KLRU1UG;B07L7M66MQ;B00IJZZWGA;B0BVRKLSVP;B09J23YJ8N;B07XZMG1R8,True,0,,,,,,,,,,,,,,,,,,,,,,,,,,,,,,,,,,,,,,,,,,,,,,,,
public_0146,buying,B0BCQWYQLQ,57,10,other,B07PRG4HLM;B0917H9CPN;B07DXMG5DK;B076L97422;B08C9FNPD7;B096MXLR9V;B07YDJMWTM;B08K8DP1XS;B075B2VCMR;B07F6QKB9P,True,0,True,2,1,False,1,False,True,1,1,,B0BCQWYQLQ,True,0,,,,,,,,,,,,,,,,,,,,,,,,,,,,,,,,,,,,,,,,,,,,,,,,
public_0147,browsing,B077276QGC,3,3,,B08GRNH3HH;B07R4HLCSZ;B077276QGC,True,0,True,1,3,False,3,False,True,,,,,,,,,,,,,,,,,,,,,,,,,,,,,,,,,,,,,,,,,,,,,,,,,,,,,,
public_0148,buying,B0BQC2NRG2,15,10,other,B0BQC2NRG2;B07K21Z6BY;B07CH3VM3D;B00C3UPPLY;B004IYFT28;B07FD5ZWXC;B010S8DWNK;B010S8E3HO;B083D9V8W4;B07WKDW9P6,True,0,True,1,1,False,15,False,False,,,,,,,,,,,,,,,,,,,,,,,,,,,,,,,,,,,,,,,,,,,,,,,,,,,,,,
public_0149,buying,B07CBYYHTL,21,10,other,B008JADGRM;B0BS5X1RKD;B0BB3D4CGY;B01BBCVK4K;B07GSKPHG8;B00EYXSBAU;B00KR9JNRA;B07M6LBQN7;B00NSLF51M;B077SV6MZ8,True,0,True,2,1,False,1,False,True,1,1,,B07CBYYHTL,True,0,,,,,,,,,,,,,,,,,,,,,,,,,,,,,,,,,,,,,,,,,,,,,,,,
public_0150,browsing,B07P6MPQY5,14,10,other,B01MYUM67T;B07G4GXDVD;B00AZO9Q4W;B00GRIOW5I;B0116LYM8C;B00R8I7PTG;B002B61ERE;B07W7W3M1V;B097QG31KD;B01DE4O9D2,True,0,True,2,1,False,3,False,True,3,3,,B07P6MPQY5;B00E9AOVX4;B083JSMQNC,True,0,,,,,,,,,,,,,,,,,,,,,,,,,,,,,,,,,,,,,,,,,,,,,,,,
public_0151,browsing,B08CFNQNJK,47,10,feature,B013R0V8BE;B01J8WZC2Q;B000YDH5GU;B00BBM0RAO;B08CFNQNJK;B00I85XO34;B01N9U6OXG;B00WIUBFKE;B00NLLDH28;B007PBJJBI,True,0,True,1,5,False,47,False,False,,,,,,,,,,,,,,,,,,,,,,,,,,,,,,,,,,,,,,,,,,,,,,,,,,,,,,
public_0152,buying,B000EQU0NW,289,10,other,B073ZB53PK;B005HZU6SO;B0002IC5IK;B013CFHJSK;B09M7BMDFC;B0183NVN6A;B0BQ6XY143;B00BLZWMG8;B00GN55U8S;B00N0IMUZC,True,0,True,2,1,False,1,False,True,1,1,,B000EQU0NW,True,0,,,,,,,,,,,,,,,,,,,,,,,,,,,,,,,,,,,,,,,,,,,,,,,,
public_0153,browsing,B07BMJ77FR,382,10,feature,B07ZG4DZT4;B0751SYRFR;B004I5H0P6;B07G4MJMC2;B00ENHXFI0;B0C4F5WFWB;B001B78AH6;B00TI752ZY;B01L37BM1Y;B0042GI5DM,True,0,True,2,3,False,3,False,True,3,3,,B0B7B573SX;B0B784CMH9;B07BMJ77FR,True,0,,,,,,,,,,,,,,,,,,,,,,,,,,,,,,,,,,,,,,,,,,,,,,,,
public_0154,buying,B00CYNKSTE,35,10,other,B01CF57RM6;B07H4N7BT9;B07F79CVQK;B01G3P0Y74;B07W37H54W;B000ATKB3C;B082P7KLHF;B01M252VTU;B0713S6R54;B094BGFS5R,True,0,True,2,1,False,1,False,True,1,1,,B00CYNKSTE,True,0,,,,,,,,,,,,,,,,,,,,,,,,,,,,,,,,,,,,,,,,,,,,,,,,
public_0155,buying,B0C4VLWWYY,15,10,other,B00JDTBJ5O;B06XXJCVCR;B0B4MS9QNH;B0C4VLWWYY;B09HNJVPMH;B0731YKYCJ;B01GFK3ZQ4;B00591NYYE;B00HPWSJZY;B003TOAFPY,True,0,True,1,4,False,15,False,False,,,,,,,,,,,,,,,,,,,,,,,,,,,,,,,,,,,,,,,,,,,,,,,,,,,,,,
public_0156,buying,B0C3KZXV4B,1,1,,B0C3KZXV4B,True,0,True,1,1,False,1,False,True,,,,,,,,,,,,,,,,,,,,,,,,,,,,,,,,,,,,,,,,,,,,,,,,,,,,,,
public_0157,buying,B00BCHDM14,23,10,other,B098C95Z3T;B0728NXLCJ;B00GIOBNZI;B0746T3LWW;B0BQ1DSLKS;B07RX4JHCY;B07S17CJLF;B00YURVHAQ;B00Q7R0YXS;B07XTQ3Q4S,True,0,True,2,6,False,9,False,True,9,9,,B0728NXLCJ;B00Q7R0YXS;B00YURVHAQ;B0BQ1DSLKS;B00GIOBNZI;B00BCHDM14;B00SBXATWM;B07XTQ3Q4S;B000W8WMOM,True,0,,,,,,,,,,,,,,,,,,,,,,,,,,,,,,,,,,,,,,,,,,,,,,,,
public_0158,browsing,B012ZM6RGQ,34,10,feature,B009V0E5I8;B019NIBGG6;B0892STXWY;B00840U882;B007QJ5OVS;B08FXR28VN;B00X0W8QA6;B01A87ZR66;B00NOQ34BE;B09LZ1P7X9,True,0,True,2,1,False,1,False,True,1,1,,B012ZM6RGQ,True,0,,,,,,,,,,,,,,,,,,,,,,,,,,,,,,,,,,,,,,,,,,,,,,,,
public_0159,buying,B00UHLFR32,40,10,other,B08R61K9B9;B07P15RSD6;B008OL9HS8;B07JCGXVCW;B0751QQNLJ;B0156YEPZ0;B07P1523QR;B0939FH2D3;B07RDK5HLH;B002Q0X2F2,True,0,True,2,1,False,3,False,True,3,3,,B00UHLFR32;B0163HGZB6;B08KRHXZ45,True,0,,,,,,,,,,,,,,,,,,,,,,,,,,,,,,,,,,,,,,,,,,,,,,,,
public_0160,buying,B01AAANF2Y,18,10,other,B08KNJ5ZM6;B0834HJ8TS;B01AAANF2Y;B0048CRFKY;B075ZQTV39;B08P4PSWTZ;B01CNCAMYQ;B006H23O0S;B07ZBC1249;B071CWNJWY,True,0,True,1,3,False,18,False,False,,,,,,,,,,,,,,,,,,,,,,,,,,,,,,,,,,,,,,,,,,,,,,,,,,,,,,
public_0161,buying,B0B6N6TJ6V,389,10,other,B07BFNN3N4;B018NHGNZ2;B07BRL2J1D;B072V6ZZK9;B072V781RB;B07QC9MS2K;B07BXDP92P;B074XS11Z4;B07D45D6TJ;B07N278X27,True,0,True,2,1,False,11,False,False,11,10,color,B0B6N6TJ6V;B0CCV6544C;B08Z32GJRX;B0B7WWQW38;B09XVCFXY8;B07VV1RV62;B0BBMRV3TD;B0BW2Y7JNS;B0BHZLYX8P;B0C1YPPMQ1,True,0,,,,,,,,,,,,,,,,,,,,,,,,,,,,,,,,,,,,,,,,,,,,,,,,
public_0162,browsing,B0B71JNMQY,591,10,other,B08RDQDRP1;B07BWCYQK4;B084GG69PT;B07QJ4NTFJ;B076ZGFS7D;B008RPPFJG;B07C743ML4;B086186Z3T;B01MU7NF2K;B074R8PC4W,True,0,True,2,1,False,1,False,True,1,1,,B0B71JNMQY,True,0,,,,,,,,,,,,,,,,,,,,,,,,,,,,,,,,,,,,,,,,,,,,,,,,
public_0163,buying,B0834T68X3,62,10,other,B07BSZC2Q3;B082X3CM99;B08PCYWFBY;B01AH876SI;B07WMVBHLC;B078GTVCS6;B09HXZ22LF;B07QRPPL76;B09Y994VCL;B00UZ23FRI,True,0,True,2,1,False,1,False,True,1,1,,B0834T68X3,True,0,,,,,,,,,,,,,,,,,,,,,,,,,,,,,,,,,,,,,,,,,,,,,,,,
public_0164,browsing,B0C61FG7GL,93,10,feature,B01MY9SDDE;B004PVSJUS;B00YZBKO10;B07DYLS8Z9;B019C30Z5K;B077GQW532;B000VVTCTI;B019O0A1Q4;B079LSDK7Y;B008OK8D6Q,True,0,True,2,1,False,23,False,False,23,10,other,B0C61FG7GL;B098NJJTYZ;B00MHZHVZ8;B07D6TQ7DK;B0B3189V5T;B07CRJRKZD;B07WYK9NXT;B018AKIC2Y;B001H5KB60;B09V2B592T,True,0,,,,,,,,,,,,,,,,,,,,,,,,,,,,,,,,,,,,,,,,,,,,,,,,
public_0165,buying,B09XHSLX4X,48,10,other,B079LSDK7Y;B01CCOYMD2;B098NJJTYZ;B00YZBKO10;B078TDBHL9;B004PVSJUS;B0B3189V5T;B07S1C2MNK;B07CRJRKZD;B076PQ6FCM,True,0,True,4,1,False,1,False,True,48,10,color,B01CCOYMD2;B078TDBHL9;B098NJJTYZ;B0B3189V5T;B076PQ6FCM;B07141HM8F;B075DRYF14;B076BNX4YM;B074BC43M2;B00PHNKMPI,True,0,48,10,size,B01CCOYMD2;B078TDBHL9;B098NJJTYZ;B0B3189V5T;B076PQ6FCM;B07141HM8F;B075DRYF14;B076BNX4YM;B074BC43M2;B00PHNKMPI,True,0,1,1,,B09XHSLX4X,True,0,,,,,,,,,,,,,,,,,,,,,,,,,,,,,,,,,,,,
public_0166,intent_override,B00IHW88W0,1,1,,B00IHW88W0,True,0,True,4,1,False,1,False,True,1,1,,B00IHW88W0,True,0,1,1,,B00IHW88W0,True,0,1,1,,B00IHW88W0,True,1,,,,,,,,,,,,,,,,,,,,,,,,,,,,,,,,,,,,
public_0167,browsing,B07357B79L,166,10,other,B08BLSKD2R;B01DTD0BXU;B098NRHGMZ;B085VK9944;B099J5YWNQ;B0B4HG1H5D;B09TQFV6DW;B08QN2R6P9;B08ML8YGDZ;B08GG2F647,True,0,True,2,2,False,17,False,False,17,10,material,B095P8283H;B07357B79L;B07BKLH9PB;B096VWSCZG;B07F7485QV;B0925MMXXY;B08MNJBPMS;B09FT7XZSV;B0B5HLH1DB;B095LJ53TW,True,0,,,,,,,,,,,,,,,,,,,,,,,,,,,,,,,,,,,,,,,,,,,,,,,,
public_0168,buying,B08YYHDJD1,1,1,,B08YYHDJD1,True,0,True,1,1,False,1,False,True,,,,,,,,,,,,,,,,,,,,,,,,,,,,,,,,,,,,,,,,,,,,,,,,,,,,,,
public_0169,boundary,B0829R9M5G,319,10,other,B003ZV2HES;B0033WRRSK;B09WTM3QKQ;B076XXT4JN;B07654QV8W;B009S65C7S;B07CRQ6SZF;B09B7D53S2;B001CUM7US;B073XL21MV,True,0,True,3,1,False,1,False,True,319,10,material,B0778MX651;B01MYVJ74X;B071LK4V3L;B07654QV8W;B079ZJDL5S;B01MUBHNOR;B00Z5SEZXU;B00BZ9VP5E;B084P5KDM4;B00EB13TNO,True,0,1,1,,B0829R9M5G,True,0,,,,,,,,,,,,,,,,,,,,,,,,,,,,,,,,,,,,,,,,,,
public_0170,browsing,B08LRQX5RH,109,10,feature,B07CMLJCT7;B08WPHLH1Y;B074ZPS5K1;B06XH7PDZL;B00178V4Z4;B07GC6YMC4;B07K4SSXCT;B0073ZNPNY;B072XXNSRS;B008X2BT7K,True,0,True,2,1,False,2,False,True,2,2,,B08LRQX5RH;B07R1ZVV4Z,True,0,,,,,,,,,,,,,,,,,,,,,,,,,,,,,,,,,,,,,,,,,,,,,,,,
public_0171,buying,B0BFVFFHKS,48,10,other,B0BFVFFHKS;B07C4SDKWK;B09JJYFXBN;B082R1852R;B07VCZL719;B00CRLN7SW;B09PDV687N;B08DF9F8KG;B09Q5T3D67;B087N9QRFS,True,0,True,1,1,False,48,False,False,,,,,,,,,,,,,,,,,,,,,,,,,,,,,,,,,,,,,,,,,,,,,,,,,,,,,,
public_0172,browsing,B0829PZGBB,1017,10,other,B003UUITHS;B07KJRVZN4;B06VSJ5QBR;B00DQZ7JEQ;B008I61BL0;B071VCTWLY;B00L1W8P4E;B0B136Z5FN;B005BBTKQI;B00QJ19FEQ,True,0,True,2,5,False,14,False,False,14,10,feature,B0BTMNNMSH;B0BY9GY9DS;B09N4S7XXK;B01N7KLQ9U;B0829PZGBB;B0BSMJDZH7;B0C62X675S;B0728LDBKL;B01A9IO7LA;B07L14F3V4,True,0,,,,,,,,,,,,,,,,,,,,,,,,,,,,,,,,,,,,,,,,,,,,,,,,
public_0173,browsing,B07THT4G8N,168,10,other,B07RBP5DR9;B07PHP9Z7H;B071J8986T;B07N5LRNCD;B08RNC8FR7;B08RNDPGBF;B08CV5Z8Y6;B07DJZ5XR4;B07S1Y4BYV;B00YB1G40Y,True,0,True,2,6,False,20,False,False,20,10,material,B081PTT6MW;B07S91JX96;B08RNC8FR7;B08RNDPGBF;B071R1YVS3;B07THT4G8N;B07P9HSC8R;B07TKVRMNN;B07QQ11P6M;B07PJRQSN3,True,0,,,,,,,,,,,,,,,,,,,,,,,,,,,,,,,,,,,,,,,,,,,,,,,,
public_0174,buying,B0794VPVBH,79,10,other,B082N4XNWS;B07111P7Q7;B07SF6X8N2;B0BY2J9B43;B07T5K299W;B08359C12J;B08C34HQW1;B00HZHTXZE;B09GT64JCG;B07F2XGDP5,True,0,False,,,True,14,False,False,14,10,color,B00F4O2QC2;B09GT64JCG;B010O2S2JO;B015HQH8II;B079JJXSSN;B00HZHTXZE;B01HVLWJ7M;B079JGHJN3;B0892N8LG2;B00MRQWSWI,True,0,14,10,size,B00F4O2QC2;B09GT64JCG;B010O2S2JO;B015HQH8II;B079JJXSSN;B00HZHTXZE;B01HVLWJ7M;B079JGHJN3;B0892N8LG2;B00MRQWSWI,True,0,14,10,budget,B00F4O2QC2;B09GT64JCG;B010O2S2JO;B00HZHTXZE;B015HQH8II;B079JJXSSN;B01HVLWJ7M;B079JGHJN3;B0892N8LG2;B00MRQWSWI,True,0,14,10,brand,B00F4O2QC2;B09GT64JCG;B010O2S2JO;B00HZHTXZE;B015HQH8II;B079JJXSSN;B01HVLWJ7M;B079JGHJN3;B0892N8LG2;B00MRQWSWI,True,0,14,10,,B00F4O2QC2;B09GT64JCG;B010O2S2JO;B00HZHTXZE;B015HQH8II;B079JJXSSN;B01HVLWJ7M;B079JGHJN3;B0892N8LG2;B00MRQWSWI,True,0,14,10,,B00F4O2QC2;B09GT64JCG;B0892N8LG2;B015HQH8II;B00HZHTXZE;B01HVLWJ7M;B079JGHJN3;B00MRQWSWI;B01EKDRVIG;B079JJXSSN,True,0,14,10,,B00F4O2QC2;B09GT64JCG;B0892N8LG2;B015HQH8II;B00HZHTXZE;B01HVLWJ7M;B079JGHJN3;B00MRQWSWI;B01EKDRVIG;B079JJXSSN,True,0,14,10,,B00F4O2QC2;B09GT64JCG;B0892N8LG2;B015HQH8II;B00HZHTXZE;B01HVLWJ7M;B079JGHJN3;B00MRQWSWI;B01EKDRVIG;B079JJXSSN,True,0,14,10,,B00F4O2QC2;B09GT64JCG;B0892N8LG2;B015HQH8II;B00HZHTXZE;B01HVLWJ7M;B079JGHJN3;B00MRQWSWI;B01EKDRVIG;B079JJXSSN,True,0
public_0175,browsing,B07D5M61T2,127,10,feature,B00JWLW92A;B084ZXDTDG;B0159UISM2;B0721DQKRL;B005RD7GIO;B07T3R688T;B00AFVQ6CA;B077SQ1BB5;B08HN2VN8C;B07D6PSKH7,True,0,True,3,5,False,9,False,True,26,10,other,B077BCY84G;B07D6PSKH7;B09TSLQ3B5;B01N1939S1;B01LMZ9GCO;B01LMZ9JQC;B09N6S5VY6;B0BGR4YMDG;B01HNDRVV2;B00FS6ZYFW,True,0,9,9,,B01LMZ9GCO;B01LMZ9JQC;B09TSLQ3B5;B01KGE19W2;B07D5M61T2;B07MP1PC6N;B074JMBV4Q;B074JMTF2Z;B0788BN8FD,True,0,,,,,,,,,,,,,,,,,,,,,,,,,,,,,,,,,,,,,,,,,,
public_0176,browsing,B0C3MKNZJN,26,10,other,B0BQV38Y16;B00RRK8EQI;B07LH9GP95;B0C3MKNZJN;B07N9MNZ8N;B07F71PP3S;B07MTQRY6M;B00NQ6L0UE;B0B56SVFRZ;B09J55BZJH,True,0,True,1,4,False,26,False,False,,,,,,,,,,,,,,,,,,,,,,,,,,,,,,,,,,,,,,,,,,,,,,,,,,,,,,
public_0177,intent_override,B07HV9WW6Q,24,10,other,B07T28W298;B01MATJ9JR;B095P4535J;B07H3LZ41R;B08JYD49HJ;B07HJBJT32;B07QQVGHGP;B07B664JJR;B07HV9WW6Q;B07GFQV6X9,True,0,True,6,1,False,4,False,True,1,1,,B07HV9WW6Q,True,0,1,1,,B07HV9WW6Q,True,0,39,10,material,B07QS3H343;B08L4FLRDT;B01M4LKWKR;B07D7TSSWN;B010MHPI9I;B08RCHDHPS;B07W22CK5Q;B078NCMJ38;B06XXT4GK1;B07LCHB8V6,True,1,39,10,feature,B07QS3H343;B08L4FLRDT;B01M4LKWKR;B07D7TSSWN;B010MHPI9I;B08RCHDHPS;B07W22CK5Q;B078NCMJ38;B06XXT4GK1;B07LCHB8V6,True,1,4,4,,B07HV9WW6Q;B07QQVGHGP;B095P4535J;B07HJBJT32,True,1,,,,,,,,,,,,,,,,,,,,,,,,
public_0178,buying,B01FWQ8NH8,1069,10,other,B07XFZQZ2L;B072BJGWL6;B09L6NWTX1;B073VJVGYD;B07BYLJ2T7;B00IDETSIU;B08CQ8GSXW;B07HSX1T5M;B07CM36TVQ;B019181M1W,True,0,True,2,10,False,18,False,False,18,10,size,B01EVI2CMK;B009JST33O;B07BYWL7DN;B00GNJX4BE;B08CSNSC9K;B09FVNRCGT;B07P7HZ7P4;B01LYVWC3D;B0BRTLG26L;B01FWQ8NH8,True,0,,,,,,,,,,,,,,,,,,,,,,,,,,,,,,,,,,,,,,,,,,,,,,,,
public_0179,buying,B08JK818ZD,222,10,other,B010P0AAJ0;B095XX57RS;B08JK818ZD;B076SC6NV7;B00VQKEG08;B07R8T13VC;B07BBH2R9M;B01MZ0I3RE;B01JRU0GLQ;B01N0XI8NO,True,0,True,1,3,False,222,False,False,,,,,,,,,,,,,,,,,,,,,,,,,,,,,,,,,,,,,,,,,,,,,,,,,,,,,,
public_0180,boundary,B01HSMYV8E,1017,10,other,B003UUITHS;B07KJRVZN4;B06VSJ5QBR;B00DQZ7JEQ;B008I61BL0;B071VCTWLY;B00L1W8P4E;B0B136Z5FN;B005BBTKQI;B00QJ19FEQ,True,0,True,3,4,False,5,False,True,1017,10,feature,B00353612U;B00BUWA5KM;B017M0N1L0;B0B136Z5FN;B003UUITHS;B072Z71QL6;B009ZPW158;B003EED8CQ;B003FZGDVM;B0BG6C6T4F,True,0,5,5,,B009ZDEM66;B00A64F6U4;B00GK61KXY;B01HSMYV8E;B01BLYDSFW,True,0,,,,,,,,,,,,,,,,,,,,,,,,,,,,,,,,,,,,,,,,,,
public_0181,browsing,B08M3WKDFJ,84,10,other,B08G89YHLV;B093KK7BRQ;B07L49L275;B09JWDBL19;B08JQ7NSLL;B08M3WKDFJ;B08DHD4Y6B;B08Q473BW5;B093NVYM9F;B0C24PB7HR,True,0,True,1,6,False,84,False,False,,,,,,,,,,,,,,,,,,,,,,,,,,,,,,,,,,,,,,,,,,,,,,,,,,,,,,
public_0182,browsing,B0C5XBLB2P,32,10,feature,B01AAH27US;B07L6LHFB9;B0C5XBLB2P;B07CLDFLG4;B082KKFMW5;B083NBMV6W;B07H8W9MW7;B009S01Y5I;B095MR3G59;B084ZGW146,True,0,True,1,3,False,32,False,False,,,,,,,,,,,,,,,,,,,,,,,,,,,,,,,,,,,,,,,,,,,,,,,,,,,,,,
public_0183,intent_override,B07Z2KSZR3,8,8,,B07Z2KSZR3;B0721X787V;B07KGMVKL4;B07X7MWWQ7;B00DJ1XQ26;B07DQN9FDR;B08L8JF923;B08LLBZM94,True,0,True,4,3,False,33,False,False,8,8,,B07Z2KSZR3;B0721X787V;B07KGMVKL4;B07X7MWWQ7;B00DJ1XQ26;B07DQN9FDR;B08L8JF923;B08LLBZM94,True,0,8,8,,B07Z2KSZR3;B0721X787V;B07KGMVKL4;B07X7MWWQ7;B00DJ1XQ26;B07DQN9FDR;B08L8JF923;B08LLBZM94,True,0,33,10,other,B09HXN7ZJ5;B0741RZYMP;B07Z2KSZR3;B0B3JBJB9W;B07FNNZTP9;B0B1DRXCCK;B07KZJMLMX;B0B8227GB9;B07R7FFSJH;B07X7MWWQ7,True,1,,,,,,,,,,,,,,,,,,,,,,,,,,,,,,,,,,,,
public_0184,browsing,B0BWLFCTTF,522,10,other,B008OJLGAM;B06VVQ5YYD;B00GR28I18;B077N7MSWV;B00DBT21JU;B09JVPNMLM;B091KGNSL6;B09T4ML9KT;B00K5AYSHQ;B01BDT5OW0,True,0,True,2,1,False,6,False,True,6,6,,B0BWLFCTTF;B0072Z50VA;B085FQPRF7;B07H7215PV;B004KDXE1A;B01NCQWMNU,True,0,,,,,,,,,,,,,,,,,,,,,,,,,,,,,,,,,,,,,,,,,,,,,,,,
public_0185,buying,B0BCW4QKV5,14,10,other,B08TC99S9T;B09ZDZ3ZZJ;B005H4YCDA;B0BCW4QKV5;B07L8RC2B8;B00VSKWQLM;B0725R1DTR;B005GVBU2K;B00R56FD7W;B0176YUJ1M,True,0,True,1,4,False,14,False,False,,,,,,,,,,,,,,,,,,,,,,,,,,,,,,,,,,,,,,,,,,,,,,,,,,,,,,
public_0186,intent_override,B07XPLHXC1,1,1,,B07XPLHXC1,True,0,True,4,1,False,1,False,True,1,1,,B07XPLHXC1,True,0,109,10,other,B0058XRN1S;B00ETI2IQS;B00H3IV37Q;B005AMPVJ8;B00GUG4NS8;B00H3J8ZGW;B00HHZ4CFK;B00HHZ4HDC;B00FJC11ZM;B01HWZFF2I,True,1,1,1,,B07XPLHXC1,True,1,,,,,,,,,,,,,,,,,,,,,,,,,,,,,,,,,,,,
public_0187,boundary,B000GQ1F3O,665,10,feature,B07BFT1Q8G;B002HJ21TK;B089WBHSNC;B085L3NL16;B07F8V5YDK;B00LLNKFDW;B093X19RH4;B07F8ZFMHB;B01H7835O0;B077KFN2NL,True,0,True,4,1,False,1,False,True,665,10,other,B001E5DH2I;B09NPHF9M6;B00LLNKFDW;B075ZZFQJ2;B002HJ21TK;B00IST0P14;B08M9MJ4BZ;B0094WK1X6;B07QDS7WKZ;B0BBQS1N1S,True,0,211,10,material,B00COGB1HY;B011BNVBFM;B009G3SVIU;B001BO3HQ8;B007E5BQDY;B00ZVRF7N2;B005MKGUXY;B00HLWR5S0;B007BJPLAC;B002OHE4D6,True,0,1,1,,B000GQ1F3O,True,0,,,,,,,,,,,,,,,,,,,,,,,,,,,,,,,,,,,,
public_0188,buying,B0B5ZS2J2W,147,10,other,B07HMKQF1M;B0836L7R8T;B082DN5WRT;B07PFG3CGQ;B085G1949N;B0B4F9HBJX;B00HBHJYF2;B0054317NM;B07G5KNZJN;B07C271N4W,True,0,True,2,1,False,1,False,True,1,1,,B0B5ZS2J2W,True,0,,,,,,,,,,,,,,,,,,,,,,,,,,,,,,,,,,,,,,,,,,,,,,,,
public_0189,buying,B0C614ZPK3,27,10,other,B06XX6CDS4;B0783R99CQ;B00SUXA8ZG;B0821ZDQB1;B08VDBVSQZ;B07JNFZVQP;B09QT74D6R;B08429V9RQ;B091G1SZQF;B00R9EPJLK,True,0,True,2,1,False,1,False,True,1,1,,B0C614ZPK3,True,0,,,,,,,,,,,,,,,,,,,,,,,,,,,,,,,,,,,,,,,,,,,,,,,,
public_0190,buying,B01MQUDPPO,14,10,other,B078XJN2ZS;B07QMS8TX8;B0082153QU;B01MQUDPPO;B00UYE32DO;B01FON9H5G;B07MR3H7H1;B07KJHJJJ8;B01N7TWD24;B01CFX0G3K,True,0,True,1,4,False,14,False,False,,,,,,,,,,,,,,,,,,,,,,,,,,,,,,,,,,,,,,,,,,,,,,,,,,,,,,
public_0191,browsing,B083TB1NDK,26,10,other,B00CLFDT2S;B07HB9KXBM;B07BMDDFXM;B01853HFBU;B0091528P0;B004OW534S;B00RET7AS0;B077XQJT9Q;B00ZU5NPWA;B00JGBA5M2,True,0,True,2,1,False,1,False,True,1,1,,B083TB1NDK,True,0,,,,,,,,,,,,,,,,,,,,,,,,,,,,,,,,,,,,,,,,,,,,,,,,
public_0192,boundary,B0C62MF2HV,132,10,other,B0084FN6IG;B088KLHRHW;B09FD4QDB3;B07FDB7GMZ;B01N76AD6A;B072M3292Y;B098D763TL;B01LNMDKLY;B0962V3P3F;B08CZ8BRZ3,True,0,True,3,1,False,1,False,True,132,10,feature,B088KLHRHW;B00ZFMIMUS;B00H9C93GY;B0962V3P3F;B01N76AD6A;B0084FN6IG;B01H7588IQ;B0925MM7CD;B01J2SFQYA;B00E0WNNN0,True,0,1,1,,B0C62MF2HV,True,0,,,,,,,,,,,,,,,,,,,,,,,,,,,,,,,,,,,,,,,,,,
public_0193,buying,B07YM55NLW,34,10,other,B00FTBA2NU;B08BPB4WRR;B07KTZJ9Y6;B087CYHPYK;B08P97H3BD;B07YM55NLW;B07GWQW6V9;B01IZXYCRU;B07GW33SR5;B081SB5C7V,True,0,True,1,6,False,34,False,False,,,,,,,,,,,,,,,,,,,,,,,,,,,,,,,,,,,,,,,,,,,,,,,,,,,,,,
public_0194,buying,B09WR1NZ48,93,10,other,B07B9NPFG5;B01GR9L2FY;B07CXN3GF3;B097NZPX2Y;B07SXDGQM1;B07536V973;B071RMZSVS;B00KOBOUYW;B0161ZC8FW;B07538P796,True,0,True,2,3,False,8,False,True,8,8,,B075D8GRHT;B07MVR31QJ;B09WR1NZ48;B01GR9L2FY;B07CT52HY2;B07SN26M1D;B01CZ2KY7Y;B07SKMNYGK,True,0,,,,,,,,,,,,,,,,,,,,,,,,,,,,,,,,,,,,,,,,,,,,,,,,
public_0195,browsing,B072M4K5LF,681,10,other,B0C9QZMCG7;B07DCR67LV;B009DMDE3G;B07Q7ZM916;B079NQ4WVT;B07F1VQ3N6;B099DWNZWD;B08CDRTXL6;B07K2TQM3G;B0C74K6GL4,True,0,True,2,2,False,14,False,False,14,10,feature,B07YZQ4197;B072M4K5LF;B00KH7GUWS;B01LDZSY8K;B07MT7G75W;B01GYJJD7G;B07R8HT16F;B0823FSXN2;B016OXCUYU;B074PJ6LKS,True,0,,,,,,,,,,,,,,,,,,,,,,,,,,,,,,,,,,,,,,,,,,,,,,,,
public_0196,browsing,B073T364MM,605,10,feature,B01AAANELG;B07T1WG5D2;B00ENHY35E;B07DGK57YG;B00ZM6R2IA;B07L6K3JN2;B005FP5JKG;B085VPNRMM;B007IL82FE;B07L6RZ6V4,True,0,True,2,1,False,1,False,True,1,1,,B073T364MM,True,0,,,,,,,,,,,,,,,,,,,,,,,,,,,,,,,,,,,,,,,,,,,,,,,,
public_0197,intent_override,B07FDNP55K,1,1,,B07FDNP55K,True,0,True,4,1,False,1,False,True,1,1,,B07FDNP55K,True,0,1,1,,B07FDNP55K,True,0,1,1,,B07FDNP55K,True,1,,,,,,,,,,,,,,,,,,,,,,,,,,,,,,,,,,,,
public_0198,intent_override,B08K1ZJZ4N,120,10,other,B01MYSA7ZI;B08ZXTQC8P;B071NKZ4PK;B08F9XDQ9F;B09YCZSKRY;B079MC5DBR;B00IONC3VY;B08K1ZJZ4N;B0823CSFFS;B00JE8CXRM,True,0,True,5,1,False,2,False,True,7,7,,B08ZXTQC8P;B08F9XDQ9F;B09RJ3JG7M;B08K1ZJZ4N;B00JE8CXRM;B0BZRCYNCG;B018FSPJZE,True,0,7,7,,B08ZXTQC8P;B08F9XDQ9F;B09RJ3JG7M;B08K1ZJZ4N;B00JE8CXRM;B0BZRCYNCG;B018FSPJZE,True,0,147,10,feature,B07HMKQF1M;B085G1949N;B07K16566V;B082F9FYV2;B07HQDNK4W;B00X76FR3Y;B0836L7R8T;B08SBJ4HD6;B08F56D4DK;B071R2R57M,True,1,2,2,,B08K1ZJZ4N;B06Y16JRPV,True,1,,,,,,,,,,,,,,,,,,,,,,,,,,,,,,
public_0199,buying,B089M57PSQ,35,10,other,B01N2KAVZP;B08SNNT9YT;B07Y9TCR1P;B07VLFBWGL;B07GCM9ZQJ;B075VJ416K;B01GK9IITO;B07HKH91KZ;B07MVXN22J;B08JHP7NJ3,True,0,True,2,1,False,6,False,True,6,6,,B089M57PSQ;B00HQY4ZT0;B0743JZ639;B00DZJ3FUU;B009NPJ02M;B07HBJG7QJ,True,0,,,,,,,,,,,,,,,,,,,,,,,,,,,,,,,,,,,,,,,,,,,,,,,,
public_0200,buying,B07VFZ2FC2,1,1,,B07VFZ2FC2,True,0,True,1,1,False,1,False,True,,,,,,,,,,,,,,,,,,,,,,,,,,,,,,,,,,,,,,,,,,,,,,,,,,,,,,
